{"stats":{"minecraft:killed_by":{"minecraft:creeper":2},"minecraft:used":{"minecraft:stone_sword":120,"minecraft:stone_pickaxe":101,"minecraft:spruce_planks":3,"minecraft:blue_bed":1,"minecraft:torch":9,"minecraft:crafting_table":2,"minecraft:snowball":4,"minecraft:wooden_axe":46,"quark:spruce_chest":2,"minecraft:iron_pickaxe":173,"minecraft:bread":4,"minecraft:stone_axe":92,"minecraft:cobblestone":9,"minecraft:furnace":1,"minecraft:cooked_beef":4,"twigs:pebble":5,"minecraft:cobbled_deepslate":11},"minecraft:dropped":{"minecraft:gravel":2,"minecraft:bricks":1,"minecraft:wheat_seeds":8,"minecraft:stone_sword":1,"minecraft:cobbled_deepslate":3,"minecraft:raw_copper":44,"minecraft:raw_iron":14,"minecraft:rotten_flesh":3,"minecraft:granite":1,"quark:light_blue_shard":2,"biomesoplenty:fir_sapling":8,"minecraft:flower_pot":1,"minecraft:cornflower":2,"minecraft:spruce_log":5,"minecraft:spider_eye":1,"minecraft:blue_orchid":1,"minecraft:brick_slab":1,"minecraft:dandelion":3},"minecraft:crafted":{"minecraft:crafting_table":1,"minecraft:spruce_planks":32,"minecraft:baked_potato":10,"minecraft:copper_ingot":66,"minecraft:bone_meal":9,"minecraft:stone_axe":1,"minecraft:air":0,"minecraft:stick":60,"minecraft:iron_ingot":10,"minecraft:stone_pickaxe":1,"minecraft:wooden_axe":1,"minecraft:stone_sword":1,"minecraft:gold_ingot":12,"quark:spruce_chest":2,"minecraft:torch":40},"minecraft:killed":{"minecraft:cave_spider":1,"minecraft:pig":1,"minecraft:spider":3,"minecraft:skeleton":1,"alexsmobs:cockroach":1,"minecraft:zombie":4,"minecraft:silverfish":2,"crabbersdelight:crab":3,"minecraft:cow":2},"minecraft:broken":{"minecraft:wooden_axe":1},"minecraft:mined":{"twigs:pebble":3,"minecraft:infested_stone_bricks":1,"galosphere:deepslate_silver_ore":25,"minecraft:potted_blue_orchid":1,"biomesoplenty:hanging_cobweb_strand":1,"minecraft:clay":1,"minecraft:crafting_table":2,"minecraft:torch":1,"minecraft:grass_block":4,"minecraft:copper_ore":16,"minecraft:cobblestone":4,"minecraft:deepslate_coal_ore":3,"minecraft:lapis_ore":5,"minecraft:spruce_leaves":7,"minecraft:deepslate_gold_ore":10,"minecraft:grindstone":1,"minecraft:bricks":4,"minecraft:wall_torch":3,"minecraft:blue_bed":1,"minecraft:deepslate_copper_ore":5,"minecraft:brick_slab":4,"minecraft:furnace":1,"minecraft:cobbled_deepslate":1,"minecraft:iron_ore":10,"twigs:tangerine_seashell":1,"minecraft:ice":1,"minecraft:spruce_log":28,"minecraft:deepslate_lapis_ore":3,"twigs:bronzed_seashell":2,"biomesoplenty:fir_log":88,"minecraft:bookshelf":1,"minecraft:grass":2,"minecraft:coal_ore":41,"minecraft:deepslate_iron_ore":40,"biomesoplenty:webbing":97,"minecraft:gravel":1,"minecraft:dirt":5,"minecraft:packed_ice":15,"biomesoplenty:stringy_cobweb":1,"minecraft:cobweb":6,"biomesoplenty:spider_egg":2,"minecraft:stone":60,"minecraft:deepslate":22},"minecraft:custom":{"minecraft:interact_with_furnace":26,"minecraft:mob_kills":19,"minecraft:interact_with_crafting_table":7,"minecraft:open_barrel":11,"goblintraders:trade_with_goblin":34,"minecraft:interact_with_grindstone":1,"minecraft:leave_game":1,"minecraft:time_since_death":49680,"minecraft:sleep_in_bed":1,"minecraft:climb_one_cm":1445,"minecraft:time_since_rest":7063,"minecraft:sprint_one_cm":148308,"minecraft:damage_taken":1120,"minecraft:walk_one_cm":164333,"minecraft:drop":27,"minecraft:damage_dealt":2514,"minecraft:swim_one_cm":12936,"minecraft:fly_one_cm":198215,"minecraft:open_chest":16,"minecraft:crouch_one_cm":7253,"minecraft:play_time":59009,"minecraft:deaths":2,"minecraft:sneak_time":2842,"minecraft:walk_under_water_one_cm":5320,"minecraft:jump":1108,"minecraft:interact_with_blast_furnace":3,"minecraft:walk_on_water_one_cm":6325,"minecraft:total_world_time":59009,"minecraft:fall_one_cm":21497},"minecraft:picked_up":{"minecraft:charcoal":2,"minecraft:crafting_table":2,"minecraft:cooked_beef":4,"minecraft:flower_pot":1,"biomesoplenty:fir_sapling":8,"biomesoplenty:fir_log":85,"crabbersdelight:crab_claw":1,"quark:light_blue_shard":2,"minecraft:lapis_lazuli":48,"minecraft:cornflower":2,"minecraft:blue_bed":1,"minecraft:string":14,"minecraft:raw_copper":118,"minecraft:blue_orchid":1,"minecraft:wheat_seeds":9,"minecraft:raw_gold":9,"minecraft:cobbled_deepslate":14,"alexsmobs:cockroach_wing_fragment":1,"twigs:pebble":5,"minecraft:beef":4,"minecraft:grindstone":1,"minecraft:iron_pickaxe":1,"galosphere:raw_silver":25,"minecraft:sugar_cane":1,"twigs:twig":26,"delightful:green_tea_leaf":3,"minecraft:furnace":1,"minecraft:book":3,"minecraft:raw_iron":49,"crabbersdelight:crab":2,"minecraft:torch":2,"minecraft:dandelion":3,"minecraft:gravel":2,"minecraft:porkchop":2,"twigs:bronzed_seashell":2,"minecraft:spruce_sapling":16,"minecraft:diorite":12,"minecraft:spruce_log":32,"minecraft:spider_eye":2,"minecraft:brick_slab":2,"minecraft:stone_sword":1,"minecraft:arrow":1,"minecraft:rotten_flesh":3,"minecraft:granite":1,"minecraft:bricks":1,"twigs:tangerine_seashell":1,"minecraft:coal":34,"minecraft:snowball":4,"minecraft:cobblestone":96,"minecraft:oxeye_daisy":1}},"DataVersion":3465}