{"stats":{"minecraft:killed_by":{"minecraft:creeper":2},"minecraft:used":{"minecraft:wooden_axe":41,"minecraft:bread":2,"minecraft:stone_pickaxe":32,"minecraft:spruce_planks":3,"minecraft:crafting_table":1,"twigs:pebble":1},"minecraft:crafted":{"minecraft:crafting_table":1,"minecraft:spruce_planks":24,"minecraft:stick":4,"minecraft:stone_pickaxe":1,"minecraft:wooden_axe":1},"minecraft:killed":{"alexsmobs:cockroach":1,"minecraft:spider":2,"crabbersdelight:crab":3,"minecraft:cow":2},"minecraft:mined":{"twigs:pebble":1,"minecraft:iron_ore":8,"minecraft:ice":1,"minecraft:spruce_log":28,"twigs:bronzed_seashell":2,"minecraft:clay":1,"minecraft:crafting_table":1,"minecraft:grass_block":1,"minecraft:coal_ore":8,"minecraft:gravel":1,"minecraft:dirt":1,"minecraft:copper_ore":3,"minecraft:spruce_leaves":7,"minecraft:stone":12,"minecraft:blue_bed":1},"minecraft:picked_up":{"minecraft:raw_iron":8,"minecraft:crafting_table":1,"crabbersdelight:crab":2,"minecraft:gravel":1,"twigs:bronzed_seashell":2,"crabbersdelight:crab_claw":1,"minecraft:spruce_sapling":16,"minecraft:spruce_log":32,"minecraft:string":1,"minecraft:spider_eye":1,"minecraft:blue_bed":1,"minecraft:raw_copper":11,"minecraft:wheat_seeds":2,"alexsmobs:cockroach_wing_fragment":1,"twigs:pebble":1,"minecraft:beef":4,"minecraft:iron_pickaxe":1,"delightful:green_tea_leaf":3,"twigs:twig":5,"minecraft:sugar_cane":1,"minecraft:coal":8,"minecraft:cobblestone":15},"minecraft:custom":{"minecraft:time_since_rest":13809,"minecraft:sprint_one_cm":70037,"minecraft:interact_with_furnace":5,"minecraft:damage_taken":780,"minecraft:walk_one_cm":57186,"minecraft:mob_kills":8,"minecraft:damage_dealt":897,"minecraft:swim_one_cm":1546,"minecraft:interact_with_crafting_table":4,"minecraft:fly_one_cm":108705,"minecraft:open_chest":2,"minecraft:crouch_one_cm":1767,"minecraft:play_time":23009,"minecraft:deaths":2,"minecraft:sneak_time":534,"minecraft:walk_under_water_one_cm":759,"minecraft:jump":439,"minecraft:interact_with_blast_furnace":2,"minecraft:leave_game":1,"minecraft:walk_on_water_one_cm":48,"minecraft:time_since_death":13680,"minecraft:total_world_time":23009,"minecraft:fall_one_cm":11449}},"DataVersion":3465}