{"stats":{"minecraft:killed_by":{"minecraft:creeper":2},"minecraft:used":{"minecraft:wooden_axe":9,"minecraft:crafting_table":1,"minecraft:spruce_planks":3},"minecraft:crafted":{"minecraft:crafting_table":1,"minecraft:spruce_planks":24,"minecraft:stick":4,"minecraft:wooden_axe":1},"minecraft:killed":{"minecraft:spider":2},"minecraft:picked_up":{"minecraft:wheat_seeds":2,"minecraft:spruce_sapling":5,"minecraft:spruce_log":13,"minecraft:spider_eye":1,"minecraft:string":1},"minecraft:mined":{"minecraft:grass_block":1,"minecraft:dirt":1,"minecraft:ice":1,"minecraft:spruce_leaves":4,"minecraft:spruce_log":14,"minecraft:clay":1},"minecraft:custom":{"minecraft:time_since_rest":1809,"minecraft:crouch_one_cm":1003,"minecraft:play_time":11009,"minecraft:sprint_one_cm":25212,"minecraft:walk_one_cm":31324,"minecraft:damage_taken":780,"minecraft:deaths":2,"minecraft:sneak_time":348,"minecraft:mob_kills":2,"minecraft:jump":190,"minecraft:damage_dealt":259,"minecraft:leave_game":1,"minecraft:time_since_death":1680,"minecraft:total_world_time":11009,"minecraft:interact_with_crafting_table":1,"minecraft:fall_one_cm":6315,"minecraft:fly_one_cm":61108}},"DataVersion":3465}