{"stats":{"minecraft:killed_by":{"minecraft:creeper":2},"minecraft:used":{"minecraft:stone_sword":120,"minecraft:spruce_planks":3,"minecraft:torch":12,"minecraft:wheat":1,"minecraft:snowball":4,"minecraft:wooden_axe":46,"quark:spruce_chest":2,"minecraft:furnace":1,"minecraft:cooked_beef":4,"minecraft:cobbled_deepslate":11,"minecraft:stone_pickaxe":101,"minecraft:baked_potato":2,"minecraft:blue_bed":1,"minecraft:crafting_table":2,"minecraft:dark_oak_log":1,"minecraft:bread":5,"minecraft:iron_pickaxe":184,"minecraft:stone_axe":96,"minecraft:cobblestone":10,"minecraft:grindstone":2,"twigs:pebble":7},"minecraft:dropped":{"minecraft:wheat_seeds":8,"minecraft:lantern":1,"minecraft:granite":1,"minecraft:brown_banner":1,"biomesoplenty:fir_sapling":8,"minecraft:stick":40,"minecraft:oxeye_daisy":1,"minecraft:diorite":12,"minecraft:cornflower":2,"minecraft:iron_axe":1,"minecraft:dandelion":3,"minecraft:gravel":2,"minecraft:bricks":1,"minecraft:stone_sword":1,"minecraft:cobbled_deepslate":3,"minecraft:raw_copper":44,"minecraft:raw_iron":14,"minecraft:rotten_flesh":3,"quark:light_blue_shard":2,"minecraft:flower_pot":1,"minecraft:spider_eye":1,"minecraft:spruce_log":5,"minecraft:blue_orchid":1,"minecraft:brick_slab":1},"minecraft:crafted":{"minecraft:bone_meal":9,"minecraft:iron_axe":2,"minecraft:stone_pickaxe":1,"quark:spruce_chest":2,"minecraft:crafting_table":1,"minecraft:spruce_planks":32,"minecraft:baked_potato":24,"minecraft:iron_sword":1,"minecraft:copper_ingot":94,"minecraft:stone_axe":1,"minecraft:air":0,"minecraft:stick":60,"minecraft:iron_ingot":44,"minecraft:iron_pickaxe":1,"minecraft:wooden_axe":1,"minecraft:stone_sword":1,"minecraft:gold_ingot":12,"minecraft:torch":40},"minecraft:killed":{"minecraft:cave_spider":1,"minecraft:spider":3,"minecraft:skeleton":1,"minecraft:silverfish":2,"crabbersdelight:crab":3,"minecraft:pig":1,"minecraft:zombie":4,"alexsmobs:cockroach":1,"minecraft:cow":2},"minecraft:broken":{"minecraft:wooden_axe":1},"minecraft:custom":{"minecraft:mob_kills":19,"minecraft:interact_with_crafting_table":9,"minecraft:open_barrel":11,"goblintraders:trade_with_goblin":34,"minecraft:leave_game":1,"minecraft:time_since_death":61680,"minecraft:climb_one_cm":1445,"minecraft:sprint_one_cm":181959,"minecraft:walk_one_cm":193804,"minecraft:drop":33,"minecraft:play_time":71009,"minecraft:deaths":2,"minecraft:sneak_time":2970,"minecraft:walk_under_water_one_cm":5320,"minecraft:interact_with_brewingstand":1,"minecraft:jump":1338,"minecraft:interact_with_blast_furnace":3,"minecraft:walk_on_water_one_cm":6350,"minecraft:total_world_time":71009,"minecraft:interact_with_furnace":32,"minecraft:interact_with_grindstone":2,"minecraft:sleep_in_bed":2,"minecraft:time_since_rest":6272,"minecraft:damage_taken":1228,"minecraft:damage_dealt":2514,"minecraft:swim_one_cm":12936,"minecraft:fly_one_cm":269390,"minecraft:open_chest":45,"minecraft:crouch_one_cm":7736,"minecraft:fall_one_cm":27319},"minecraft:mined":{"minecraft:diamond_ore":1,"minecraft:potted_blue_orchid":1,"minecraft:carved_pumpkin":1,"minecraft:grass_block":4,"minecraft:spruce_leaves":7,"minecraft:composter":2,"biomesoplenty:tundra_shrub":1,"minecraft:hay_block":5,"minecraft:furnace":1,"minecraft:iron_ore":10,"minecraft:cobbled_deepslate":1,"minecraft:deepslate_lapis_ore":3,"twigs:bronzed_seashell":2,"minecraft:bookshelf":1,"minecraft:deepslate_iron_ore":40,"biomesoplenty:webbing":97,"minecraft:packed_ice":15,"minecraft:stone":65,"biomesoplenty:spider_egg":2,"minecraft:oak_slab":1,"twigs:pebble":5,"minecraft:infested_stone_bricks":1,"galosphere:deepslate_silver_ore":25,"biomesoplenty:hanging_cobweb_strand":1,"minecraft:crafting_table":2,"minecraft:clay":1,"minecraft:torch":2,"minecraft:copper_ore":16,"minecraft:cobblestone":4,"minecraft:deepslate_coal_ore":3,"minecraft:deepslate_gold_ore":10,"minecraft:lapis_ore":6,"minecraft:grindstone":2,"minecraft:bricks":4,"minecraft:blue_bed":1,"minecraft:wall_torch":4,"minecraft:deepslate_copper_ore":5,"minecraft:brick_slab":4,"minecraft:wheat":36,"twigs:tangerine_seashell":1,"minecraft:ice":1,"minecraft:spruce_log":28,"biomesoplenty:fir_log":88,"minecraft:grass":5,"minecraft:coal_ore":41,"minecraft:gravel":1,"minecraft:dirt":5,"biomesoplenty:stringy_cobweb":1,"minecraft:cobweb":6,"minecraft:gold_ore":2,"minecraft:deepslate":22},"minecraft:picked_up":{"minecraft:charcoal":2,"minecraft:crafting_table":2,"minecraft:wheat":41,"minecraft:flower_pot":1,"minecraft:cornflower":2,"quark:light_blue_shard":2,"minecraft:string":14,"minecraft:raw_copper":118,"minecraft:blue_orchid":1,"minecraft:cobbled_deepslate":14,"twigs:pebble":8,"minecraft:beef":4,"minecraft:iron_pickaxe":1,"delightful:green_tea_leaf":3,"minecraft:sugar_cane":1,"minecraft:furnace":1,"minecraft:raw_iron":49,"minecraft:stick":40,"minecraft:composter":2,"minecraft:torch":3,"minecraft:porkchop":2,"minecraft:diorite":12,"minecraft:stone_sword":1,"minecraft:arrow":1,"minecraft:rotten_flesh":4,"minecraft:hay_block":5,"minecraft:carved_pumpkin":1,"twigs:tangerine_seashell":1,"minecraft:snowball":4,"minecraft:cobblestone":99,"minecraft:oxeye_daisy":1,"minecraft:cooked_beef":4,"biomesoplenty:fir_sapling":8,"biomesoplenty:fir_log":85,"crabbersdelight:crab_claw":1,"minecraft:lapis_lazuli":54,"minecraft:blue_bed":1,"minecraft:lantern":1,"minecraft:wheat_seeds":107,"alexsmobs:cockroach_wing_fragment":1,"minecraft:raw_gold":12,"minecraft:grindstone":2,"galosphere:raw_silver":25,"twigs:twig":26,"minecraft:book":3,"minecraft:oak_slab":1,"crabbersdelight:crab":2,"minecraft:dandelion":3,"minecraft:gravel":2,"twigs:bronzed_seashell":2,"minecraft:spruce_sapling":16,"minecraft:spruce_log":32,"minecraft:dark_oak_log":1,"minecraft:spider_eye":2,"minecraft:brick_slab":2,"minecraft:diamond":1,"minecraft:granite":1,"minecraft:golden_apple":1,"minecraft:brown_banner":1,"minecraft:coal":39,"minecraft:bricks":1}},"DataVersion":3465}