{"stats":{"minecraft:killed_by":{"minecraft:creeper":2,"minecraft:skeleton":1},"minecraft:used":{"minecraft:stone_sword":194,"minecraft:spruce_planks":10,"minecraft:iron_sword":189,"minecraft:torch":66,"minecraft:dirt":2,"minecraft:wheat":1,"minecraft:snowball":4,"minecraft:wooden_axe":46,"quark:spruce_chest":2,"minecraft:iron_axe":3,"alexsmobs:rainbow_jelly":1,"minecraft:goat_horn":1,"minecraft:furnace":1,"minecraft:cooked_beef":4,"minecraft:cobbled_deepslate":11,"minecraft:diorite":2,"minecraft:stone_pickaxe":101,"minecraft:baked_potato":9,"minecraft:blue_bed":1,"supplementaries:bomb":1,"minecraft:crafting_table":3,"minecraft:dark_oak_log":2,"minecraft:bread":45,"minecraft:iron_pickaxe":249,"minecraft:golden_leggings":1,"minecraft:stone_axe":115,"minecraft:cobblestone":75,"minecraft:grindstone":2,"twigs:pebble":17,"minecraft:experience_bottle":1},"minecraft:dropped":{"minecraft:bread":1,"minecraft:stripped_spruce_log":3,"minecraft:oak_slab":1,"minecraft:wheat_seeds":8,"minecraft:lapis_lazuli":16,"minecraft:glass_bottle":1,"minecraft:feather":1,"minecraft:cobblestone":2,"minecraft:lantern":1,"minecraft:granite":1,"minecraft:brown_banner":1,"minecraft:rail":2,"biomesoplenty:fir_sapling":8,"minecraft:stick":40,"minecraft:emerald":6,"minecraft:oxeye_daisy":1,"minecraft:diorite":12,"minecraft:cornflower":2,"minecraft:polished_andesite_stairs":4,"minecraft:iron_axe":1,"minecraft:glistering_melon_slice":1,"minecraft:mossy_cobblestone_stairs":1,"minecraft:blue_carpet":2,"minecraft:bone":3,"minecraft:dandelion":3,"minecraft:gravel":2,"minecraft:bricks":1,"minecraft:stone_axe":1,"minecraft:stone_sword":1,"minecraft:cobbled_deepslate":3,"minecraft:raw_copper":44,"minecraft:wheat":2,"minecraft:composter":2,"minecraft:raw_iron":14,"minecraft:rotten_flesh":5,"quark:light_blue_shard":2,"galosphere:silver_nugget":2,"minecraft:filled_map":4,"biomesoplenty:umbran_log":1,"minecraft:potato":9,"minecraft:flower_pot":1,"minecraft:golden_sword":1,"minecraft:light_blue_carpet":4,"minecraft:golden_leggings":1,"minecraft:spider_eye":1,"minecraft:spruce_log":5,"minecraft:iron_bars":1,"minecraft:blue_orchid":1,"minecraft:brick_slab":1},"minecraft:crafted":{"minecraft:coal":1,"minecraft:bone_meal":9,"minecraft:iron_axe":2,"minecraft:stone_pickaxe":1,"quark:spruce_chest":2,"minecraft:wheat":126,"minecraft:emerald":2,"minecraft:crafting_table":1,"minecraft:spruce_planks":60,"minecraft:baked_potato":24,"minecraft:iron_sword":2,"minecraft:copper_ingot":139,"minecraft:stone_axe":1,"minecraft:bread":63,"minecraft:air":0,"minecraft:stick":80,"minecraft:iron_ingot":65,"minecraft:iron_pickaxe":1,"minecraft:wooden_axe":1,"minecraft:stone_sword":1,"minecraft:gold_ingot":12,"minecraft:torch":40},"minecraft:killed":{"minecraft:cave_spider":1,"minecraft:witch":5,"minecraft:spider":3,"minecraft:vindicator":3,"minecraft:skeleton":12,"minecraft:chicken":4,"minecraft:silverfish":2,"crabbersdelight:crab":3,"minecraft:pig":1,"minecraft:salmon":3,"minecraft:pillager":3,"alexsmobs:cockroach":1,"minecraft:zombie":32,"minecraft:cow":2},"minecraft:broken":{"aether:golden_gloves":1,"minecraft:stone_sword":1,"minecraft:wooden_axe":1},"minecraft:custom":{"minecraft:interact_with_anvil":1,"minecraft:mob_kills":76,"minecraft:inspect_hopper":1,"minecraft:interact_with_crafting_table":12,"minecraft:open_barrel":25,"goblintraders:trade_with_goblin":37,"minecraft:leave_game":2,"minecraft:time_since_death":14979,"minecraft:climb_one_cm":5555,"minecraft:sprint_one_cm":492345,"minecraft:walk_one_cm":456098,"minecraft:drop":62,"minecraft:talked_to_villager":2,"minecraft:play_time":148858,"minecraft:deaths":3,"minecraft:sneak_time":3809,"minecraft:walk_under_water_one_cm":32489,"minecraft:interact_with_brewingstand":2,"minecraft:jump":4552,"minecraft:interact_with_blast_furnace":3,"minecraft:walk_on_water_one_cm":17874,"minecraft:total_world_time":148858,"minecraft:interact_with_furnace":50,"minecraft:interact_with_grindstone":2,"minecraft:sleep_in_bed":3,"minecraft:time_since_rest":15003,"minecraft:damage_taken":3050,"minecraft:damage_dealt":12966,"twilightforest:life_charms_activated":1,"minecraft:swim_one_cm":70920,"minecraft:fly_one_cm":1032868,"minecraft:open_chest":141,"minecraft:crouch_one_cm":9627,"minecraft:interact_with_smoker":1,"minecraft:fall_one_cm":68952},"minecraft:picked_up":{"minecraft:coarse_dirt":5,"minecraft:charcoal":2,"minecraft:crafting_table":3,"minecraft:wheat":66,"illagerinvasion:platinum_chunk":1,"minecraft:chicken":5,"minecraft:flower_pot":1,"minecraft:wither_rose":9,"minecraft:brewing_stand":1,"spawnersplus:spawner_fragment":8,"minecraft:golden_sword":1,"quark:light_blue_shard":2,"minecraft:cornflower":2,"minecraft:string":31,"minecraft:raw_copper":118,"minecraft:zombie_head":16,"minecraft:blue_orchid":1,"minecraft:cobbled_deepslate":14,"twigs:pebble":17,"minecraft:spruce_planks":4,"minecraft:beef":4,"minecraft:iron_pickaxe":1,"delightful:green_tea_leaf":3,"minecraft:sugar_cane":17,"minecraft:furnace":2,"minecraft:stick":40,"minecraft:raw_iron":49,"minecraft:composter":2,"minecraft:torch":21,"minecraft:porkchop":2,"minecraft:diorite":14,"minecraft:carrot":1,"minecraft:goat_horn":1,"minecraft:blue_carpet":2,"minecraft:dark_oak_planks":3,"minecraft:stone_sword":1,"minecraft:arrow":10,"minecraft:rotten_flesh":24,"biomesoplenty:umbran_sapling":10,"minecraft:hay_block":14,"minecraft:carved_pumpkin":1,"minecraft:glistering_melon_slice":1,"twigs:tangerine_seashell":1,"minecraft:iron_bars":1,"minecraft:skeleton_skull":6,"minecraft:snowball":4,"minecraft:rail":2,"minecraft:cobblestone":102,"minecraft:oxeye_daisy":1,"minecraft:feather":1,"minecraft:cooked_beef":4,"minecraft:salmon":2,"minecraft:golden_leggings":3,"minecraft:smoker":1,"biomesoplenty:fir_sapling":8,"minecraft:filled_map":4,"biomesoplenty:fir_log":85,"crabbersdelight:crab_claw":1,"minecraft:waxed_copper_block":3,"minecraft:gunpowder":1,"minecraft:lantern":1,"minecraft:blue_bed":1,"minecraft:lapis_lazuli":54,"minecraft:dirt":2,"minecraft:red_carpet":1,"minecraft:bone":11,"minecraft:wheat_seeds":154,"alexsmobs:cockroach_wing_fragment":1,"minecraft:raw_gold":16,"minecraft:grindstone":2,"minecraft:soul_sand":16,"minecraft:glass_bottle":2,"galosphere:raw_silver":25,"twigs:twig":36,"minecraft:iron_sword":1,"biomesoplenty:umbran_log":5,"minecraft:book":27,"minecraft:polished_andesite_stairs":5,"minecraft:oak_slab":1,"crabbersdelight:crab":2,"minecraft:dandelion":3,"minecraft:gravel":2,"twigs:bronzed_seashell":2,"minecraft:stripped_spruce_log":6,"minecraft:spruce_sapling":16,"minecraft:mossy_cobblestone":2,"minecraft:spruce_log":36,"minecraft:dark_oak_log":2,"minecraft:spider_eye":6,"minecraft:brick_slab":2,"galosphere:silver_nugget":6,"minecraft:polished_andesite":1,"minecraft:diamond":1,"minecraft:soul_lantern":1,"minecraft:light_blue_carpet":4,"alexsmobs:rainbow_jelly":1,"minecraft:granite":1,"minecraft:golden_apple":1,"minecraft:mossy_cobblestone_stairs":2,"minecraft:emerald":3,"minecraft:brown_banner":3,"minecraft:bricks":1,"minecraft:coal":39,"minecraft:hopper":1},"minecraft:mined":{"minecraft:dark_oak_planks":2,"minecraft:blue_carpet":3,"minecraft:diamond_ore":1,"minecraft:spruce_planks":3,"minecraft:mossy_cobblestone":3,"minecraft:dark_oak_leaves":5,"minecraft:dark_oak_log":1,"minecraft:potted_blue_orchid":1,"minecraft:brewing_stand":1,"minecraft:light_blue_carpet":6,"minecraft:carved_pumpkin":1,"minecraft:grass_block":6,"minecraft:spruce_leaves":7,"minecraft:hopper":1,"minecraft:composter":2,"biomesoplenty:tundra_shrub":1,"minecraft:spawner":2,"minecraft:hay_block":13,"minecraft:furnace":2,"minecraft:packed_mud":1,"minecraft:mossy_cobblestone_stairs":1,"minecraft:iron_ore":10,"minecraft:cobbled_deepslate":1,"minecraft:andesite":1,"minecraft:stripped_spruce_log":3,"minecraft:deepslate_lapis_ore":3,"twigs:bronzed_seashell":2,"minecraft:bookshelf":9,"minecraft:deepslate_iron_ore":40,"biomesoplenty:webbing":111,"minecraft:iron_bars":1,"minecraft:packed_ice":15,"minecraft:stone":67,"biomesoplenty:spider_egg":2,"minecraft:oak_slab":1,"twigs:pebble":9,"minecraft:soul_sand":16,"minecraft:infested_stone_bricks":1,"minecraft:smoker":1,"galosphere:deepslate_silver_ore":25,"minecraft:powder_snow":15,"biomesoplenty:hanging_cobweb_strand":1,"minecraft:crafting_table":3,"minecraft:clay":1,"minecraft:torch":12,"minecraft:calcite":1,"minecraft:polished_andesite_stairs":6,"minecraft:copper_ore":16,"minecraft:cobblestone":11,"minecraft:white_candle":1,"minecraft:deepslate_coal_ore":3,"biomesoplenty:sprout":2,"minecraft:deepslate_gold_ore":10,"minecraft:lapis_ore":6,"minecraft:grindstone":2,"minecraft:sugar_cane":5,"minecraft:bricks":4,"minecraft:wall_torch":11,"minecraft:blue_bed":1,"minecraft:deepslate_copper_ore":5,"minecraft:skeleton_skull":6,"minecraft:coarse_dirt":3,"minecraft:brick_slab":4,"minecraft:wheat":39,"twigs:tangerine_seashell":1,"minecraft:ice":6,"minecraft:spruce_log":32,"minecraft:waxed_copper_block":3,"minecraft:wither_rose":10,"biomesoplenty:fir_log":88,"minecraft:grass":7,"minecraft:coal_ore":41,"minecraft:zombie_head":15,"minecraft:gravel":1,"minecraft:dirt":5,"biomesoplenty:stringy_cobweb":1,"minecraft:cobweb":26,"minecraft:polished_andesite":5,"minecraft:gold_ore":6,"minecraft:deepslate":22,"minecraft:fern":2}},"DataVersion":3465}