{"stats":{"minecraft:killed_by":{"minecraft:creeper":2},"minecraft:used":{"minecraft:stone_sword":194,"minecraft:spruce_planks":5,"minecraft:iron_sword":15,"minecraft:torch":28,"minecraft:dirt":2,"minecraft:wheat":1,"minecraft:snowball":4,"minecraft:wooden_axe":46,"quark:spruce_chest":2,"alexsmobs:rainbow_jelly":1,"minecraft:furnace":1,"minecraft:cooked_beef":4,"minecraft:cobbled_deepslate":11,"minecraft:diorite":2,"minecraft:stone_pickaxe":101,"minecraft:baked_potato":9,"minecraft:blue_bed":1,"minecraft:crafting_table":3,"minecraft:dark_oak_log":1,"minecraft:bread":31,"minecraft:iron_pickaxe":200,"minecraft:golden_leggings":1,"minecraft:stone_axe":114,"minecraft:cobblestone":75,"minecraft:grindstone":2,"twigs:pebble":17},"minecraft:dropped":{"minecraft:stripped_spruce_log":3,"minecraft:oak_slab":1,"minecraft:wheat_seeds":8,"minecraft:glass_bottle":1,"minecraft:feather":1,"minecraft:cobblestone":2,"minecraft:lantern":1,"minecraft:granite":1,"minecraft:brown_banner":1,"minecraft:rail":2,"biomesoplenty:fir_sapling":8,"minecraft:stick":40,"minecraft:emerald":6,"minecraft:oxeye_daisy":1,"minecraft:diorite":12,"minecraft:cornflower":2,"minecraft:iron_axe":1,"minecraft:mossy_cobblestone_stairs":1,"minecraft:blue_carpet":2,"minecraft:bone":3,"minecraft:dandelion":3,"minecraft:gravel":2,"minecraft:bricks":1,"minecraft:stone_sword":1,"minecraft:cobbled_deepslate":3,"minecraft:raw_copper":44,"minecraft:composter":2,"minecraft:raw_iron":14,"minecraft:rotten_flesh":5,"quark:light_blue_shard":2,"galosphere:silver_nugget":2,"minecraft:filled_map":4,"biomesoplenty:umbran_log":1,"minecraft:flower_pot":1,"minecraft:light_blue_carpet":4,"minecraft:spider_eye":1,"minecraft:spruce_log":5,"minecraft:iron_bars":1,"minecraft:blue_orchid":1,"minecraft:brick_slab":1},"minecraft:crafted":{"minecraft:bone_meal":9,"minecraft:iron_axe":2,"minecraft:stone_pickaxe":1,"quark:spruce_chest":2,"minecraft:crafting_table":1,"minecraft:spruce_planks":60,"minecraft:baked_potato":24,"minecraft:iron_sword":1,"minecraft:copper_ingot":112,"minecraft:stone_axe":1,"minecraft:air":0,"minecraft:stick":80,"minecraft:iron_ingot":65,"minecraft:iron_pickaxe":1,"minecraft:wooden_axe":1,"minecraft:stone_sword":1,"minecraft:gold_ingot":12,"minecraft:torch":40},"minecraft:killed":{"minecraft:cave_spider":1,"minecraft:witch":5,"minecraft:spider":3,"minecraft:vindicator":3,"minecraft:skeleton":1,"minecraft:chicken":4,"minecraft:silverfish":2,"crabbersdelight:crab":3,"minecraft:pig":1,"minecraft:salmon":3,"minecraft:pillager":3,"alexsmobs:cockroach":1,"minecraft:zombie":5,"minecraft:cow":2},"minecraft:broken":{"minecraft:stone_sword":1,"minecraft:wooden_axe":1},"minecraft:custom":{"minecraft:mob_kills":38,"minecraft:interact_with_crafting_table":12,"minecraft:open_barrel":22,"goblintraders:trade_with_goblin":34,"minecraft:leave_game":2,"minecraft:time_since_death":115529,"minecraft:climb_one_cm":5555,"minecraft:sprint_one_cm":390592,"minecraft:walk_one_cm":323611,"minecraft:drop":53,"minecraft:talked_to_villager":2,"minecraft:play_time":124858,"minecraft:deaths":2,"minecraft:sneak_time":3543,"minecraft:walk_under_water_one_cm":31565,"minecraft:interact_with_brewingstand":1,"minecraft:jump":4311,"minecraft:interact_with_blast_furnace":3,"minecraft:walk_on_water_one_cm":15884,"minecraft:total_world_time":124858,"minecraft:interact_with_furnace":50,"minecraft:interact_with_grindstone":2,"minecraft:sleep_in_bed":3,"minecraft:time_since_rest":19862,"minecraft:damage_taken":2191,"minecraft:damage_dealt":5492,"minecraft:swim_one_cm":69237,"minecraft:fly_one_cm":986401,"minecraft:open_chest":95,"minecraft:crouch_one_cm":8747,"minecraft:interact_with_smoker":1,"minecraft:fall_one_cm":66940},"minecraft:mined":{"minecraft:blue_carpet":3,"minecraft:diamond_ore":1,"minecraft:spruce_planks":2,"minecraft:potted_blue_orchid":1,"minecraft:light_blue_carpet":6,"minecraft:carved_pumpkin":1,"minecraft:grass_block":6,"minecraft:spruce_leaves":7,"minecraft:composter":2,"biomesoplenty:tundra_shrub":1,"minecraft:hay_block":13,"minecraft:furnace":2,"minecraft:packed_mud":1,"minecraft:mossy_cobblestone_stairs":1,"minecraft:iron_ore":10,"minecraft:cobbled_deepslate":1,"minecraft:stripped_spruce_log":3,"minecraft:deepslate_lapis_ore":3,"twigs:bronzed_seashell":2,"minecraft:bookshelf":9,"minecraft:deepslate_iron_ore":40,"biomesoplenty:webbing":97,"minecraft:iron_bars":1,"minecraft:packed_ice":15,"minecraft:stone":66,"biomesoplenty:spider_egg":2,"minecraft:oak_slab":1,"twigs:pebble":9,"minecraft:infested_stone_bricks":1,"minecraft:smoker":1,"galosphere:deepslate_silver_ore":25,"minecraft:powder_snow":15,"biomesoplenty:hanging_cobweb_strand":1,"minecraft:crafting_table":3,"minecraft:clay":1,"minecraft:torch":9,"minecraft:calcite":1,"minecraft:copper_ore":16,"minecraft:cobblestone":7,"minecraft:deepslate_coal_ore":3,"biomesoplenty:sprout":2,"minecraft:deepslate_gold_ore":10,"minecraft:lapis_ore":6,"minecraft:grindstone":2,"minecraft:sugar_cane":5,"minecraft:bricks":4,"minecraft:wall_torch":6,"minecraft:blue_bed":1,"minecraft:deepslate_copper_ore":5,"minecraft:skeleton_skull":1,"minecraft:brick_slab":4,"minecraft:wheat":39,"twigs:tangerine_seashell":1,"minecraft:ice":6,"minecraft:spruce_log":32,"minecraft:waxed_copper_block":3,"minecraft:wither_rose":10,"biomesoplenty:fir_log":88,"minecraft:grass":7,"minecraft:coal_ore":41,"minecraft:zombie_head":1,"minecraft:gravel":1,"minecraft:dirt":5,"biomesoplenty:stringy_cobweb":1,"minecraft:cobweb":26,"minecraft:gold_ore":2,"minecraft:deepslate":22,"minecraft:fern":2},"minecraft:picked_up":{"minecraft:charcoal":2,"minecraft:crafting_table":3,"minecraft:wheat":65,"illagerinvasion:platinum_chunk":1,"minecraft:chicken":4,"minecraft:flower_pot":1,"minecraft:wither_rose":9,"quark:light_blue_shard":2,"minecraft:cornflower":2,"minecraft:string":31,"minecraft:raw_copper":118,"minecraft:zombie_head":1,"minecraft:blue_orchid":1,"minecraft:cobbled_deepslate":14,"twigs:pebble":17,"minecraft:spruce_planks":2,"minecraft:beef":4,"minecraft:iron_pickaxe":1,"delightful:green_tea_leaf":3,"minecraft:sugar_cane":17,"minecraft:furnace":2,"minecraft:stick":40,"minecraft:raw_iron":49,"minecraft:composter":2,"minecraft:torch":13,"minecraft:porkchop":2,"minecraft:diorite":14,"minecraft:blue_carpet":2,"minecraft:stone_sword":1,"minecraft:arrow":2,"minecraft:rotten_flesh":5,"biomesoplenty:umbran_sapling":10,"minecraft:hay_block":14,"minecraft:carved_pumpkin":1,"twigs:tangerine_seashell":1,"minecraft:iron_bars":1,"minecraft:skeleton_skull":1,"minecraft:snowball":4,"minecraft:rail":2,"minecraft:cobblestone":102,"minecraft:oxeye_daisy":1,"minecraft:feather":1,"minecraft:cooked_beef":4,"minecraft:salmon":2,"minecraft:golden_leggings":1,"minecraft:smoker":1,"biomesoplenty:fir_sapling":8,"minecraft:filled_map":4,"biomesoplenty:fir_log":85,"crabbersdelight:crab_claw":1,"minecraft:waxed_copper_block":3,"minecraft:gunpowder":1,"minecraft:lantern":1,"minecraft:blue_bed":1,"minecraft:lapis_lazuli":54,"minecraft:dirt":2,"minecraft:red_carpet":1,"minecraft:wheat_seeds":154,"alexsmobs:cockroach_wing_fragment":1,"minecraft:raw_gold":12,"minecraft:grindstone":2,"minecraft:glass_bottle":2,"galosphere:raw_silver":25,"twigs:twig":36,"biomesoplenty:umbran_log":1,"minecraft:book":27,"minecraft:oak_slab":1,"crabbersdelight:crab":2,"minecraft:dandelion":3,"minecraft:gravel":2,"twigs:bronzed_seashell":2,"minecraft:stripped_spruce_log":6,"minecraft:spruce_sapling":16,"minecraft:spruce_log":36,"minecraft:dark_oak_log":1,"minecraft:spider_eye":6,"minecraft:brick_slab":2,"galosphere:silver_nugget":6,"minecraft:diamond":1,"minecraft:soul_lantern":1,"minecraft:light_blue_carpet":4,"alexsmobs:rainbow_jelly":1,"minecraft:granite":1,"minecraft:golden_apple":1,"minecraft:mossy_cobblestone_stairs":2,"minecraft:emerald":3,"minecraft:brown_banner":3,"minecraft:bricks":1,"minecraft:coal":39}},"DataVersion":3465}