{"stats":{"minecraft:killed_by":{"minecraft:creeper":2},"minecraft:used":{"minecraft:stone_sword":62,"minecraft:stone_pickaxe":61,"minecraft:spruce_planks":3,"minecraft:torch":1,"minecraft:crafting_table":2,"minecraft:snowball":4,"minecraft:wooden_axe":46,"minecraft:bread":4,"minecraft:stone_axe":91,"minecraft:cooked_beef":2,"twigs:pebble":4},"minecraft:dropped":{"minecraft:gravel":1,"minecraft:stone_sword":1,"minecraft:cornflower":2,"minecraft:spider_eye":1,"minecraft:dandelion":3},"minecraft:crafted":{"minecraft:crafting_table":1,"minecraft:spruce_planks":24,"minecraft:stone_axe":1,"minecraft:stick":50,"minecraft:stone_pickaxe":1,"minecraft:wooden_axe":1,"minecraft:stone_sword":1},"minecraft:killed":{"minecraft:cave_spider":1,"minecraft:pig":1,"minecraft:spider":3,"minecraft:skeleton":1,"alexsmobs:cockroach":1,"minecraft:zombie":2,"minecraft:silverfish":2,"crabbersdelight:crab":3,"minecraft:cow":2},"minecraft:broken":{"minecraft:wooden_axe":1},"minecraft:mined":{"twigs:pebble":3,"minecraft:infested_stone_bricks":1,"biomesoplenty:hanging_cobweb_strand":1,"minecraft:clay":1,"minecraft:crafting_table":2,"minecraft:torch":1,"minecraft:grass_block":1,"minecraft:copper_ore":16,"minecraft:cobblestone":1,"minecraft:deepslate_coal_ore":1,"minecraft:spruce_leaves":7,"minecraft:grindstone":1,"minecraft:blue_bed":1,"minecraft:deepslate_copper_ore":5,"minecraft:iron_ore":10,"twigs:tangerine_seashell":1,"minecraft:ice":1,"minecraft:spruce_log":28,"twigs:bronzed_seashell":2,"biomesoplenty:fir_log":88,"minecraft:grass":2,"minecraft:coal_ore":12,"biomesoplenty:webbing":43,"minecraft:gravel":1,"minecraft:dirt":1,"biomesoplenty:stringy_cobweb":1,"minecraft:cobweb":6,"biomesoplenty:spider_egg":2,"minecraft:stone":13},"minecraft:custom":{"minecraft:interact_with_furnace":7,"minecraft:mob_kills":17,"minecraft:interact_with_crafting_table":6,"minecraft:interact_with_grindstone":1,"minecraft:leave_game":1,"minecraft:time_since_death":25680,"minecraft:time_since_rest":25809,"minecraft:sprint_one_cm":118051,"minecraft:damage_taken":1070,"minecraft:walk_one_cm":95965,"minecraft:drop":8,"minecraft:damage_dealt":1999,"minecraft:swim_one_cm":11393,"minecraft:fly_one_cm":161383,"minecraft:open_chest":2,"minecraft:crouch_one_cm":3453,"minecraft:play_time":35009,"minecraft:deaths":2,"minecraft:sneak_time":1119,"minecraft:walk_under_water_one_cm":4826,"minecraft:jump":731,"minecraft:interact_with_blast_furnace":2,"minecraft:walk_on_water_one_cm":5304,"minecraft:total_world_time":35009,"minecraft:fall_one_cm":16838},"minecraft:picked_up":{"minecraft:crafting_table":2,"minecraft:cooked_beef":4,"biomesoplenty:fir_sapling":8,"biomesoplenty:fir_log":85,"crabbersdelight:crab_claw":1,"minecraft:cornflower":2,"minecraft:blue_bed":1,"minecraft:string":14,"minecraft:raw_copper":74,"minecraft:wheat_seeds":9,"alexsmobs:cockroach_wing_fragment":1,"twigs:pebble":4,"minecraft:beef":4,"minecraft:grindstone":1,"minecraft:iron_pickaxe":1,"minecraft:sugar_cane":1,"twigs:twig":26,"delightful:green_tea_leaf":3,"minecraft:raw_iron":10,"crabbersdelight:crab":2,"minecraft:torch":1,"minecraft:dandelion":3,"minecraft:gravel":1,"minecraft:porkchop":2,"twigs:bronzed_seashell":2,"minecraft:spruce_sapling":16,"minecraft:spruce_log":32,"minecraft:spider_eye":2,"minecraft:stone_sword":1,"minecraft:rotten_flesh":3,"twigs:tangerine_seashell":1,"minecraft:coal":13,"minecraft:snowball":4,"minecraft:cobblestone":20,"minecraft:oxeye_daisy":1}},"DataVersion":3465}