{"stats":{"minecraft:broken":{"aether:golden_gloves":1,"minecraft:wooden_axe":1,"minecraft:leather_helmet":1,"minecraft:stone_sword":1,"minecraft:iron_pickaxe":1},"minecraft:crafted":{"minecraft:oak_planks":72,"blue_skies:blue_journal":2,"minecraft:emerald":2,"minecraft:crafting_table":3,"minecraft:spruce_planks":60,"minecraft:baked_potato":24,"minecraft:copper_ingot":139,"minecraft:stick":86,"minecraft:iron_ingot":65,"minecraft:iron_pickaxe":1,"minecraft:stone_sword":1,"minecraft:gold_ingot":23,"minecraft:coal":1,"comforts:sleeping_bag_white":1,"blue_skies:zeal_lighter":1,"minecraft:bone_meal":9,"immersive_melodies:flute":1,"minecraft:iron_axe":2,"minecraft:stone_pickaxe":1,"minecraft:spruce_boat":1,"quark:spruce_chest":2,"minecraft:wheat":126,"minecraft:iron_sword":2,"minecraft:stone_axe":1,"minecraft:air":0,"minecraft:bread":63,"minecraft:raw_gold":27,"minecraft:wooden_axe":1,"minecraft:torch":40},"minecraft:dropped":{"minecraft:lapis_lazuli":26,"minecraft:glass_bottle":1,"immersive_melodies:lute":2,"minecraft:lantern":1,"minecraft:saddle":1,"minecraft:brown_banner":1,"minecraft:rail":2,"biomesoplenty:fir_sapling":8,"minecraft:emerald":6,"minecraft:music_disc_13":1,"minecraft:dirt":5,"blue_skies:blue_journal":1,"minecraft:cornflower":2,"minecraft:gold_nugget":3,"minecraft:glistering_melon_slice":1,"minecraft:dark_oak_planks":3,"minecraft:fishing_rod":2,"minecraft:dark_oak_boat":2,"minecraft:gold_ingot":1,"twigs:twig":3,"minecraft:bone":4,"minecraft:gravel":2,"minecraft:stone_axe":1,"minecraft:sugar_cane":1,"minecraft:cobbled_deepslate":3,"biomesoplenty:redwood_sapling":1,"minecraft:wheat":2,"immersive_melodies:flute":2,"minecraft:rotten_flesh":5,"aether:leather_gloves":1,"minecraft:glowstone_dust":1,"minecraft:poppy":1,"biomesoplenty:umbran_log":1,"immersive_melodies:didgeridoo":1,"minecraft:iron_bars":1,"minecraft:bread":10,"minecraft:iron_ingot":2,"minecraft:stripped_spruce_log":3,"minecraft:oak_slab":1,"minecraft:wheat_seeds":13,"biomesoplenty:redwood_wood":2,"minecraft:feather":1,"minecraft:cobblestone":4,"minecraft:book":1,"delightful:green_tea_leaf":1,"minecraft:granite":1,"minecraft:coal":1,"minecraft:stick":44,"minecraft:oxeye_daisy":1,"quark:clear_shard":6,"artifacts:snorkel":1,"minecraft:diorite":12,"minecraft:gray_bed":1,"minecraft:polished_andesite_stairs":4,"minecraft:iron_axe":1,"minecraft:mossy_cobblestone_stairs":1,"minecraft:blue_carpet":2,"minecraft:bucket":1,"minecraft:dandelion":3,"minecraft:bricks":1,"minecraft:stone_sword":1,"minecraft:raw_copper":48,"minecraft:composter":2,"minecraft:raw_iron":14,"minecraft:name_tag":2,"quark:light_blue_shard":2,"galosphere:silver_nugget":2,"minecraft:filled_map":4,"minecraft:potato":10,"minecraft:flower_pot":1,"minecraft:light_blue_carpet":4,"minecraft:golden_leggings":2,"minecraft:golden_sword":1,"minecraft:carved_pumpkin":1,"minecraft:spider_eye":1,"minecraft:spruce_log":5,"minecraft:blue_orchid":1,"minecraft:raw_gold":32,"minecraft:brick_slab":1},"minecraft:picked_up":{"minecraft:iron_chestplate":1,"minecraft:wheat":66,"illagerinvasion:platinum_chunk":1,"minecraft:flower_pot":1,"minecraft:lead":1,"minecraft:wither_rose":9,"minecraft:brewing_stand":1,"spawnersplus:spawner_fragment":15,"minecraft:golden_sword":1,"minecraft:string":32,"minecraft:raw_copper":122,"minecraft:iron_leggings":1,"minecraft:zombie_head":16,"minecraft:cobbled_deepslate":14,"twigs:pebble":21,"minecraft:bucket":1,"comforts:sleeping_bag_white":2,"minecraft:spruce_planks":21,"minecraft:iron_pickaxe":1,"biomesoplenty:redwood_wood":2,"delightful:green_tea_leaf":4,"minecraft:furnace":2,"minecraft:stick":40,"minecraft:composter":2,"minecraft:torch":32,"minecraft:porkchop":2,"minecraft:diorite":14,"minecraft:goat_horn":1,"minecraft:stone_sword":1,"quark:clear_shard":6,"minecraft:rotten_flesh":63,"minecraft:carved_pumpkin":1,"immersive_melodies:flute":1,"twigs:tangerine_seashell":1,"minecraft:iron_bars":1,"minecraft:snowball":9,"minecraft:cobblestone":127,"minecraft:feather":1,"minecraft:cooked_beef":10,"minecraft:golden_leggings":4,"minecraft:dark_oak_boat":2,"minecraft:smoker":1,"minecraft:potato":1,"biomesoplenty:fir_sapling":8,"biomesoplenty:fir_log":85,"minecraft:lapis_lazuli":64,"minecraft:dirt":16,"minecraft:lantern":1,"minecraft:bone":12,"minecraft:wheat_seeds":159,"minecraft:raw_gold":57,"minecraft:grindstone":2,"galosphere:raw_silver":25,"twigs:twig":42,"minecraft:music_disc_13":1,"crabbersdelight:crab":2,"minecraft:stripped_spruce_log":6,"minecraft:dark_oak_log":2,"minecraft:mossy_cobblestone":4,"galosphere:silver_nugget":6,"minecraft:polished_andesite":1,"minecraft:diamond":4,"minecraft:soul_lantern":1,"minecraft:granite":1,"minecraft:golden_apple":1,"minecraft:bread":5,"minecraft:emerald":6,"minecraft:bricks":1,"biomesoplenty:redwood_log":16,"minecraft:fishing_rod":2,"minecraft:charcoal":2,"minecraft:coarse_dirt":5,"minecraft:crafting_table":3,"minecraft:chicken":5,"farmersdelight:cooked_rice":16,"quark:light_blue_shard":2,"minecraft:cornflower":2,"immersive_melodies:lute":1,"minecraft:blue_orchid":1,"minecraft:beef":10,"minecraft:poppy":1,"minecraft:sugar_cane":18,"minecraft:raw_iron":55,"minecraft:raw_gold_block":3,"minecraft:carrot":1,"minecraft:redstone":14,"minecraft:blue_carpet":2,"minecraft:dark_oak_planks":6,"artifacts:snorkel":1,"minecraft:arrow":19,"biomesoplenty:umbran_sapling":10,"minecraft:hay_block":14,"minecraft:glistering_melon_slice":1,"biomesoplenty:redwood_sapling":1,"minecraft:rail":2,"minecraft:skeleton_skull":7,"minecraft:white_wool":3,"minecraft:oxeye_daisy":1,"minecraft:salmon":2,"minecraft:leather":4,"minecraft:filled_map":4,"minecraft:oak_log":18,"crabbersdelight:crab_claw":1,"minecraft:waxed_copper_block":3,"minecraft:gunpowder":1,"minecraft:blue_bed":1,"minecraft:red_carpet":1,"alexsmobs:cockroach_wing_fragment":1,"blue_skies:lunar_stonebrick":12,"minecraft:iron_ingot":1,"minecraft:glass_bottle":2,"minecraft:gray_bed":1,"minecraft:iron_sword":1,"minecraft:soul_sand":16,"biomesoplenty:umbran_log":5,"minecraft:book":28,"minecraft:oak_slab":1,"minecraft:polished_andesite_stairs":5,"minecraft:dandelion":3,"minecraft:gravel":2,"twigs:bronzed_seashell":2,"minecraft:spruce_sapling":16,"minecraft:spruce_log":36,"minecraft:spider_eye":6,"minecraft:brick_slab":2,"minecraft:iron_helmet":1,"minecraft:light_blue_carpet":4,"alexsmobs:rainbow_jelly":1,"immersive_melodies:didgeridoo":1,"minecraft:mossy_cobblestone_stairs":2,"minecraft:brown_banner":3,"minecraft:coal":40,"minecraft:hopper":1,"minecraft:ender_pearl":1},"minecraft:used":{"minecraft:iron_sword":384,"minecraft:snowball":9,"minecraft:spruce_boat":1,"minecraft:furnace":1,"minecraft:diorite":2,"minecraft:stone_pickaxe":101,"minecraft:oak_planks":19,"minecraft:blue_bed":1,"minecraft:dark_oak_log":2,"minecraft:bread":84,"minecraft:grindstone":2,"minecraft:experience_bottle":3,"minecraft:stone_sword":194,"minecraft:spruce_planks":33,"minecraft:torch":101,"minecraft:dirt":11,"minecraft:wheat":1,"minecraft:wooden_axe":46,"quark:spruce_chest":2,"minecraft:iron_axe":65,"alexsmobs:rainbow_jelly":1,"minecraft:goat_horn":3,"comforts:sleeping_bag_white":2,"minecraft:cooked_beef":7,"minecraft:cobbled_deepslate":11,"minecraft:baked_potato":9,"minecraft:mossy_cobblestone":1,"minecraft:crafting_table":5,"supplementaries:bomb":1,"minecraft:iron_pickaxe":324,"minecraft:golden_leggings":1,"minecraft:stone_axe":115,"minecraft:cobblestone":75,"twigs:pebble":21},"minecraft:killed":{"minecraft:cave_spider":1,"minecraft:witch":5,"minecraft:spider":5,"minecraft:skeleton":16,"minecraft:chicken":4,"minecraft:silverfish":2,"crabbersdelight:crab":3,"minecraft:pig":1,"minecraft:zombie_villager":1,"minecraft:salmon":3,"alexsmobs:seal":1,"minecraft:pillager":3,"minecraft:zombie":72,"minecraft:cow":8,"minecraft:vex":1,"alexsmobs:raccoon":1,"minecraft:vindicator":3,"cataclysm:lionfish":1,"cataclysm:deepling_angler":1,"alexsmobs:cockroach":1,"alexsmobs:crow":1},"minecraft:mined":{"minecraft:dark_oak_planks":6,"minecraft:blue_carpet":3,"minecraft:spruce_planks":20,"minecraft:potted_blue_orchid":1,"minecraft:brewing_stand":1,"minecraft:light_blue_carpet":6,"minecraft:carved_pumpkin":1,"minecraft:grass_block":12,"minecraft:composter":2,"minecraft:hopper":1,"minecraft:spawner":5,"minecraft:mossy_cobblestone_stairs":1,"minecraft:iron_ore":16,"minecraft:cobbled_deepslate":1,"minecraft:deepslate_lapis_ore":3,"biomesoplenty:redwood_log":18,"minecraft:iron_bars":1,"biomesoplenty:webbing":117,"farmersdelight:wild_potatoes":1,"minecraft:smoker":1,"minecraft:powder_snow":15,"biomesoplenty:hanging_cobweb_strand":1,"minecraft:clay":1,"minecraft:torch":15,"minecraft:calcite":1,"minecraft:polished_andesite_stairs":8,"minecraft:cobblestone":14,"minecraft:white_candle":1,"minecraft:grindstone":2,"minecraft:sugar_cane":5,"minecraft:bricks":4,"minecraft:wall_torch":16,"minecraft:deepslate_copper_ore":5,"minecraft:skeleton_skull":7,"minecraft:wheat":39,"minecraft:waxed_copper_block":3,"biomesoplenty:fir_log":88,"minecraft:wither_rose":10,"minecraft:smooth_stone_slab":1,"minecraft:grass":18,"minecraft:oak_log":15,"minecraft:dirt":13,"minecraft:oak_leaves":2,"minecraft:deepslate":22,"minecraft:diamond_ore":4,"minecraft:mossy_cobblestone":5,"minecraft:dark_oak_leaves":5,"minecraft:dark_oak_log":1,"minecraft:spruce_leaves":12,"biomesoplenty:tundra_shrub":1,"minecraft:hay_block":13,"minecraft:redstone_ore":4,"minecraft:packed_mud":1,"minecraft:furnace":2,"minecraft:raw_gold_block":3,"minecraft:andesite":1,"minecraft:stripped_spruce_log":3,"twigs:bronzed_seashell":2,"minecraft:bookshelf":9,"minecraft:deepslate_iron_ore":40,"minecraft:vine":2,"minecraft:packed_ice":15,"biomesoplenty:barley":1,"biomesoplenty:spider_egg":2,"minecraft:stone":91,"minecraft:oak_slab":1,"twigs:pebble":11,"minecraft:glass_pane":1,"minecraft:soul_sand":16,"minecraft:infested_stone_bricks":1,"galosphere:deepslate_silver_ore":25,"minecraft:crafting_table":4,"minecraft:emerald_ore":3,"minecraft:copper_ore":17,"minecraft:deepslate_coal_ore":3,"minecraft:lapis_ore":8,"biomesoplenty:sprout":2,"minecraft:deepslate_gold_ore":10,"minecraft:blue_bed":1,"minecraft:coarse_dirt":3,"minecraft:brick_slab":4,"minecraft:sweet_berry_bush":2,"twigs:tangerine_seashell":1,"minecraft:ice":6,"minecraft:spruce_log":32,"minecraft:coal_ore":42,"minecraft:zombie_head":15,"minecraft:gravel":1,"biomesoplenty:stringy_cobweb":1,"minecraft:cobweb":26,"minecraft:polished_andesite":5,"minecraft:gold_ore":15,"biomesoplenty:redwood_wood":1,"minecraft:fern":2},"minecraft:killed_by":{"minecraft:creeper":2,"minecraft:skeleton":1},"minecraft:custom":{"minecraft:interact_with_crafting_table":20,"minecraft:open_barrel":55,"goblintraders:trade_with_goblin":37,"minecraft:leave_game":5,"minecraft:time_since_death":161668,"minecraft:sprint_one_cm":885441,"minecraft:drop":124,"minecraft:talked_to_villager":17,"minecraft:play_time":295547,"minecraft:deaths":3,"minecraft:jump":6982,"minecraft:interact_with_brewingstand":5,"minecraft:walk_on_water_one_cm":41311,"minecraft:interact_with_furnace":71,"minecraft:traded_with_villager":3,"minecraft:sleep_in_bed":6,"minecraft:damage_dealt":22209,"minecraft:crouch_one_cm":17747,"minecraft:interact_with_smoker":4,"minecraft:interact_with_smithing_table":4,"minecraft:interact_with_anvil":1,"minecraft:mob_kills":135,"minecraft:inspect_hopper":1,"minecraft:interact_with_campfire":6,"minecraft:climb_one_cm":8738,"minecraft:walk_one_cm":752128,"minecraft:sneak_time":8464,"minecraft:walk_under_water_one_cm":78868,"minecraft:boat_one_cm":134101,"minecraft:interact_with_lectern":1,"minecraft:interact_with_blast_furnace":4,"minecraft:total_world_time":295547,"minecraft:interact_with_grindstone":3,"minecraft:time_since_rest":5222,"minecraft:damage_taken":4498,"twilightforest:life_charms_activated":1,"minecraft:swim_one_cm":186538,"minecraft:fly_one_cm":1732139,"minecraft:open_chest":279,"minecraft:fall_one_cm":128909}},"DataVersion":3465}