{"stats":{"minecraft:killed_by":{"minecraft:creeper":1,"minecraft:vex":1,"minecraft:skeleton":1},"minecraft:picked_up":{"minecraft:blue_candle":3,"minecraft:wheat":264,"minecraft:flower_pot":3,"minecraft:sentry_armor_trim_smithing_template":2,"minecraft:wither_rose":2,"minecraft:stone_brick_stairs":1,"minecraft:brewing_stand":1,"spawnersplus:spawner_fragment":9,"minecraft:string":13,"minecraft:soul_soil":1,"minecraft:raw_copper":8,"minecraft:iron_leggings":1,"minecraft:cobbled_deepslate":45,"minecraft:spruce_planks":4,"twigs:pebble":17,"minecraft:calcite":3,"delightful:green_tea_leaf":4,"farmersdelight:cabbage_seeds":4,"minecraft:furnace":2,"minecraft:torch":26,"minecraft:porkchop":1,"minecraft:diorite":16,"minecraft:goat_horn":1,"minecraft:rotten_flesh":65,"farmersdelight:onion":4,"supplementaries:antique_ink":1,"farmersdelight:rope":3,"immersive_melodies:flute":2,"supplementaries:ash":43,"minecraft:iron_bars":2,"minecraft:snowball":10,"minecraft:cobblestone":195,"minecraft:andesite":6,"minecraft:golden_leggings":1,"minecraft:potato":18,"minecraft:flint":1,"minecraft:tuff":2,"supplementaries:flax_seeds":1,"minecraft:dirt":39,"minecraft:lapis_lazuli":37,"minecraft:name_tag":2,"minecraft:bone":52,"delightful:mini_melon":12,"minecraft:wheat_seeds":719,"minecraft:raw_gold":8,"minecraft:gray_candle":1,"minecraft:glowstone_dust":1,"galosphere:raw_silver":4,"twigs:twig":9,"minecraft:oak_planks":2,"minecraft:cooked_porkchop":2,"quark:shale":1,"minecraft:sand":17,"minecraft:ink_sac":11,"minecraft:dead_bush":1,"minecraft:dark_oak_log":22,"minecraft:barrel":2,"minecraft:mossy_cobblestone":6,"galosphere:silver_nugget":2,"minecraft:diamond":5,"minecraft:granite":5,"minecraft:golden_apple":1,"minecraft:bread":2,"minecraft:emerald":10,"twigs:rhyolite":4,"minecraft:bricks":5,"minecraft:crafting_table":7,"twigs:petrified_lichen":1,"minecraft:clay_ball":8,"minecraft:gold_block":3,"minecraft:chain":1,"quark:dark_oak_chest":2,"farmersdelight:cooked_rice":16,"quark:light_blue_shard":4,"minecraft:cornflower":2,"minecraft:iron_axe":1,"minecraft:white_carpet":1,"minecraft:blue_orchid":2,"minecraft:beef":1,"minecraft:iron_nugget":72,"minecraft:sugar_cane":10,"minecraft:egg":8,"minecraft:raw_iron":101,"minecraft:sandstone":5,"minecraft:light_blue_bed":1,"minecraft:blue_carpet":3,"minecraft:dark_oak_planks":17,"minecraft:arrow":10,"minecraft:beetroot_seeds":10,"biomesoplenty:umbran_sapling":14,"minecraft:glistering_melon_slice":1,"minecraft:oxeye_daisy":2,"minecraft:leather":3,"minecraft:filled_map":1,"blue_skies:moonstone":1,"minecraft:blue_bed":3,"minecraft:stone_bricks":2,"farmersdelight:cooking_pot":1,"minecraft:iron_sword":2,"biomesoplenty:umbran_log":68,"twilightforest:charm_of_life_1":1,"minecraft:book":3,"minecraft:polished_andesite_stairs":3,"minecraft:dandelion":2,"minecraft:gravel":5,"minecraft:spruce_sapling":3,"minecraft:white_bed":1,"minecraft:spruce_log":11,"minecraft:spider_eye":3,"minecraft:brick_slab":6,"minecraft:stone_axe":1,"minecraft:light_blue_carpet":9,"alexsmobs:rainbow_jelly":3,"immersive_melodies:didgeridoo":1,"minecraft:coal":41},"minecraft:crafted":{"minecraft:oak_planks":4,"minecraft:dark_oak_boat":1,"minecraft:melon_slice":36,"minecraft:cooked_porkchop":1,"immersive_melodies:didgeridoo":1,"minecraft:crafting_table":2,"minecraft:spruce_planks":44,"minecraft:wooden_pickaxe":1,"minecraft:iron_helmet":1,"minecraft:iron_chestplate":1,"minecraft:diamond_pickaxe":1,"minecraft:stick":24,"minecraft:iron_ingot":73,"minecraft:iron_pickaxe":2,"minecraft:gold_ingot":28,"immersive_melodies:trumpet":1,"minecraft:furnace":1,"immersive_melodies:triangle":1,"immersive_melodies:flute":1,"quark:dark_oak_chest":4,"quark:spruce_chest":2,"minecraft:dark_oak_planks":96,"minecraft:cooked_beef":5,"minecraft:stone_axe":1,"minecraft:air":0,"minecraft:bread":90,"minecraft:wooden_axe":1},"minecraft:used":{"quark:shale":1,"minecraft:iron_sword":220,"minecraft:iron_chestplate":1,"minecraft:snowball":5,"minecraft:light_blue_bed":1,"minecraft:stone_brick_stairs":1,"delightful:green_tea_leaf":4,"minecraft:golden_sword":40,"minecraft:dark_oak_boat":1,"minecraft:furnace":5,"minecraft:diorite":2,"minecraft:wooden_pickaxe":25,"minecraft:sandstone":3,"minecraft:blue_bed":3,"minecraft:sand":5,"minecraft:dark_oak_log":4,"minecraft:melon_slice":36,"minecraft:bread":71,"minecraft:experience_bottle":2,"minecraft:spruce_planks":14,"minecraft:torch":48,"minecraft:brewing_stand":1,"minecraft:dirt":32,"minecraft:granite":2,"minecraft:dark_oak_planks":55,"minecraft:wooden_axe":30,"quark:spruce_chest":2,"minecraft:iron_axe":171,"alexsmobs:rainbow_jelly":1,"minecraft:barrel":2,"minecraft:beef":2,"minecraft:goat_horn":18,"farmersdelight:cooking_pot":1,"minecraft:cooked_beef":5,"blue_skies:moonstone":1,"minecraft:calcite":3,"minecraft:wheat_seeds":2,"minecraft:water_bucket":4,"minecraft:mossy_cobblestone":1,"minecraft:crafting_table":7,"supplementaries:bomb":4,"minecraft:white_bed":1,"minecraft:cod":1,"minecraft:flower_pot":1,"minecraft:diamond_pickaxe":242,"minecraft:iron_pickaxe":258,"minecraft:spruce_sapling":2,"minecraft:stone_axe":62,"quark:dark_oak_chest":6,"minecraft:cobblestone":34,"minecraft:potion":1,"minecraft:cooked_porkchop":3,"minecraft:bucket":4,"minecraft:wither_rose":2,"alexsmobs:animal_dictionary":1,"twigs:pebble":17},"minecraft:broken":{"minecraft:iron_pickaxe":1},"minecraft:dropped":{"minecraft:iron_sword":1,"minecraft:cooked_beef":4,"minecraft:glass_bottle":1,"farmersdelight:cooked_rice":16,"minecraft:sentry_armor_trim_smithing_template":2,"minecraft:flint":1,"minecraft:cornflower":2,"minecraft:glistering_melon_slice":1,"minecraft:iron_pickaxe":1,"twigs:twig":9,"spawnersplus:spawner_fragment":6,"minecraft:gravel":5,"minecraft:stone_axe":2,"minecraft:goat_horn":2,"minecraft:sugar_cane":5,"minecraft:cobbled_deepslate":37,"minecraft:wheat":1,"immersive_melodies:flute":2,"minecraft:rotten_flesh":12,"twilightforest:charm_of_life_1":1,"minecraft:oak_planks":2,"supplementaries:flax_seeds":1,"biomesoplenty:umbran_log":4,"farmersdelight:rope":6,"immersive_melodies:didgeridoo":1,"minecraft:splash_potion":1,"minecraft:wheat_seeds":10,"minecraft:iron_helmet":1,"minecraft:cobblestone":74,"minecraft:granite":3,"minecraft:oxeye_daisy":2,"minecraft:diorite":14,"alexsmobs:rainbow_jelly":2,"minecraft:iron_leggings":2,"minecraft:polished_andesite_stairs":2,"minecraft:string":4,"minecraft:dandelion":2,"twigs:rhyolite":4,"minecraft:bricks":5,"twigs:petrified_lichen":1,"minecraft:soul_soil":1,"minecraft:tuff":2,"minecraft:clay_ball":8,"quark:light_blue_shard":4,"minecraft:filled_map":2,"minecraft:flower_pot":2,"minecraft:iron_chestplate":1,"minecraft:andesite":6,"minecraft:golden_leggings":3,"minecraft:golden_sword":1,"minecraft:spider_eye":1,"minecraft:sandstone":2,"minecraft:blue_orchid":2,"minecraft:wooden_pickaxe":1,"minecraft:brick_slab":6},"minecraft:custom":{"minecraft:interact_with_crafting_table":22,"minecraft:open_barrel":46,"goblintraders:trade_with_goblin":30,"minecraft:leave_game":5,"minecraft:time_since_death":56182,"minecraft:sprint_one_cm":641062,"minecraft:drop":150,"minecraft:talked_to_villager":1,"minecraft:play_time":206993,"minecraft:deaths":4,"minecraft:interact_with_brewingstand":4,"minecraft:jump":3746,"minecraft:walk_on_water_one_cm":29639,"minecraft:interact_with_furnace":40,"minecraft:sleep_in_bed":4,"minecraft:damage_dealt":17906,"minecraft:crouch_one_cm":17862,"minecraft:interact_with_smithing_table":1,"minecraft:mob_kills":95,"minecraft:climb_one_cm":5219,"minecraft:walk_one_cm":452080,"minecraft:sneak_time":13889,"minecraft:walk_under_water_one_cm":21148,"minecraft:boat_one_cm":16960,"minecraft:total_world_time":206993,"minecraft:time_since_rest":56205,"minecraft:damage_taken":5652,"twilightforest:life_charms_activated":1,"minecraft:swim_one_cm":117065,"minecraft:fly_one_cm":1092942,"minecraft:open_chest":158,"minecraft:fall_one_cm":75323},"minecraft:killed":{"minecraft:cave_spider":1,"minecraft:witch":1,"minecraft:spider":2,"alexsmobs:snow_leopard":1,"minecraft:skeleton":15,"minecraft:chicken":1,"minecraft:silverfish":1,"minecraft:pig":1,"alexsmobs:seal":2,"minecraft:zombie":56,"minecraft:vindicator":2,"alexsmobs:seagull":1,"alexsmobs:comb_jelly":6,"minecraft:squid":4},"minecraft:mined":{"minecraft:dark_oak_planks":17,"minecraft:blue_carpet":2,"minecraft:spruce_planks":4,"minecraft:white_bed":1,"minecraft:potted_blue_orchid":2,"blue_skies:moonstone":1,"minecraft:brewing_stand":1,"minecraft:light_blue_carpet":8,"minecraft:granite":6,"minecraft:grass_block":6,"twigs:twig":1,"minecraft:oxeye_daisy":1,"minecraft:spawner":17,"minecraft:light_blue_stained_glass":2,"minecraft:mossy_cobblestone_stairs":1,"minecraft:barrel":2,"minecraft:iron_ore":16,"minecraft:cobbled_deepslate":3,"minecraft:iron_bars":3,"biomesoplenty:webbing":9,"minecraft:powder_snow":8,"minecraft:calcite":2,"minecraft:polished_andesite_stairs":5,"supplementaries:wild_flax":1,"minecraft:cobblestone":32,"minecraft:sugar_cane":2,"minecraft:oak_planks":1,"minecraft:bricks":1,"minecraft:wall_torch":8,"minecraft:chain":1,"minecraft:wheat":296,"biomesoplenty:umbran_log":69,"minecraft:stone_brick_stairs":1,"minecraft:wither_rose":1,"minecraft:infested_mossy_stone_bricks":1,"minecraft:grass":34,"delightful:mini_melon":12,"minecraft:sand":5,"minecraft:dirt":15,"twigs:rhyolite":5,"minecraft:deepslate":43,"minecraft:tuff":2,"minecraft:mossy_cobblestone":7,"minecraft:deepslate_diamond_ore":5,"minecraft:dark_oak_leaves":1,"quark:shale":1,"minecraft:dark_oak_log":26,"minecraft:soul_campfire":1,"biomesoplenty:yellow_maple_leaf_pile":4,"minecraft:sandstone":5,"biomesoplenty:tundra_shrub":1,"minecraft:hay_block":1,"minecraft:furnace":2,"minecraft:andesite":6,"minecraft:gold_block":3,"minecraft:bookshelf":1,"minecraft:potatoes":15,"biomesoplenty:rainbow_birch_leaves":1,"minecraft:deepslate_iron_ore":41,"minecraft:packed_ice":13,"biomesoplenty:spider_egg":1,"minecraft:stone":197,"farmersdelight:cooking_pot":1,"twigs:pebble":10,"quark:dark_oak_chest":2,"galosphere:deepslate_silver_ore":4,"minecraft:dandelion":3,"minecraft:crafting_table":6,"minecraft:cornflower":2,"minecraft:campfire":1,"minecraft:lapis_ore":5,"biomesoplenty:sprout":2,"minecraft:deepslate_gold_ore":10,"minecraft:diorite":30,"minecraft:blue_bed":4,"supplementaries:urn":23,"minecraft:blue_candle":1,"minecraft:light_blue_bed":1,"minecraft:ice":3,"minecraft:gray_bed":1,"minecraft:white_carpet":1,"minecraft:spruce_log":10,"minecraft:coal_ore":21,"minecraft:gravel":2,"minecraft:cobweb":5,"minecraft:stone_bricks":2,"minecraft:gold_ore":1,"minecraft:fern":12}},"DataVersion":3465}