{"stats":{"minecraft:killed_by":{"minecraft:creeper":1},"minecraft:used":{"quark:shale":1,"minecraft:torch":10,"minecraft:dirt":30,"minecraft:snowball":5,"minecraft:dark_oak_planks":3,"minecraft:wooden_axe":30,"quark:spruce_chest":2,"minecraft:iron_axe":9,"minecraft:light_blue_bed":1,"minecraft:barrel":2,"delightful:green_tea_leaf":1,"minecraft:furnace":5,"minecraft:cooked_beef":1,"minecraft:wheat_seeds":2,"minecraft:diorite":1,"minecraft:wooden_pickaxe":25,"minecraft:blue_bed":3,"minecraft:crafting_table":5,"minecraft:white_bed":1,"minecraft:diamond_pickaxe":2,"minecraft:melon_slice":27,"minecraft:bread":7,"minecraft:iron_pickaxe":258,"minecraft:spruce_sapling":2,"minecraft:stone_axe":62,"minecraft:cobblestone":24,"minecraft:cooked_porkchop":2,"alexsmobs:animal_dictionary":1,"twigs:pebble":8},"minecraft:dropped":{"minecraft:wheat_seeds":5,"minecraft:cooked_beef":4,"minecraft:cobblestone":8,"minecraft:flint":1,"minecraft:oxeye_daisy":2,"minecraft:cornflower":2,"minecraft:iron_pickaxe":1,"twigs:twig":3,"minecraft:dandelion":2,"minecraft:gravel":5,"minecraft:bricks":5,"minecraft:stone_axe":2,"minecraft:sugar_cane":5,"minecraft:cobbled_deepslate":1,"minecraft:rotten_flesh":2,"twilightforest:charm_of_life_1":1,"minecraft:clay_ball":8,"quark:light_blue_shard":4,"supplementaries:flax_seeds":1,"minecraft:flower_pot":2,"minecraft:spider_eye":1,"minecraft:blue_orchid":2,"minecraft:wooden_pickaxe":1,"minecraft:brick_slab":6},"minecraft:crafted":{"minecraft:melon_slice":36,"minecraft:furnace":1,"quark:spruce_chest":2,"minecraft:dark_oak_planks":12,"minecraft:cooked_beef":5,"minecraft:cooked_porkchop":1,"minecraft:crafting_table":1,"minecraft:spruce_planks":44,"minecraft:wooden_pickaxe":1,"minecraft:stone_axe":1,"minecraft:air":0,"minecraft:diamond_pickaxe":1,"minecraft:stick":16,"minecraft:iron_ingot":73,"minecraft:iron_pickaxe":2,"minecraft:wooden_axe":1,"minecraft:gold_ingot":1},"minecraft:killed":{"minecraft:cave_spider":1,"minecraft:spider":2,"minecraft:silverfish":1,"minecraft:pig":1,"minecraft:zombie":13},"minecraft:broken":{"minecraft:iron_pickaxe":1},"minecraft:custom":{"minecraft:mob_kills":19,"minecraft:interact_with_crafting_table":12,"minecraft:open_barrel":16,"goblintraders:trade_with_goblin":30,"minecraft:leave_game":1,"minecraft:time_since_death":61760,"minecraft:sprint_one_cm":157323,"minecraft:walk_one_cm":133544,"minecraft:drop":65,"minecraft:play_time":72321,"minecraft:deaths":1,"minecraft:sneak_time":3955,"minecraft:walk_under_water_one_cm":3279,"minecraft:interact_with_brewingstand":1,"minecraft:jump":1212,"minecraft:walk_on_water_one_cm":4705,"minecraft:total_world_time":72321,"minecraft:interact_with_furnace":24,"minecraft:sleep_in_bed":2,"minecraft:time_since_rest":6272,"minecraft:damage_taken":1450,"minecraft:damage_dealt":3276,"twilightforest:life_charms_activated":1,"minecraft:swim_one_cm":18499,"minecraft:fly_one_cm":251151,"minecraft:open_chest":28,"minecraft:crouch_one_cm":8576,"minecraft:fall_one_cm":28086},"minecraft:mined":{"minecraft:white_bed":1,"quark:shale":1,"minecraft:deepslate_diamond_ore":5,"minecraft:dark_oak_log":4,"minecraft:potted_blue_orchid":2,"minecraft:granite":1,"minecraft:grass_block":5,"twigs:twig":1,"biomesoplenty:yellow_maple_leaf_pile":4,"minecraft:oxeye_daisy":1,"biomesoplenty:tundra_shrub":1,"minecraft:spawner":1,"minecraft:light_blue_stained_glass":2,"minecraft:furnace":2,"minecraft:barrel":2,"minecraft:iron_ore":16,"minecraft:cobbled_deepslate":3,"minecraft:bookshelf":1,"minecraft:potatoes":15,"minecraft:deepslate_iron_ore":41,"biomesoplenty:webbing":9,"minecraft:packed_ice":13,"minecraft:stone":121,"biomesoplenty:spider_egg":1,"twigs:pebble":3,"galosphere:deepslate_silver_ore":4,"minecraft:dandelion":3,"minecraft:crafting_table":5,"minecraft:cornflower":2,"supplementaries:wild_flax":1,"minecraft:campfire":1,"minecraft:deepslate_gold_ore":2,"minecraft:lapis_ore":5,"minecraft:sugar_cane":2,"minecraft:bricks":1,"minecraft:diorite":13,"minecraft:blue_bed":4,"minecraft:wall_torch":4,"supplementaries:urn":23,"minecraft:chain":1,"minecraft:light_blue_bed":1,"minecraft:wheat":77,"minecraft:ice":1,"minecraft:white_carpet":1,"minecraft:spruce_log":10,"minecraft:infested_mossy_stone_bricks":1,"minecraft:grass":30,"minecraft:coal_ore":21,"delightful:mini_melon":12,"minecraft:gravel":2,"minecraft:dirt":14,"twigs:rhyolite":1,"minecraft:gold_ore":1,"minecraft:deepslate":7,"minecraft:fern":10},"minecraft:picked_up":{"minecraft:crafting_table":5,"minecraft:wheat":69,"minecraft:clay_ball":8,"minecraft:flower_pot":2,"minecraft:chain":1,"spawnersplus:spawner_fragment":1,"minecraft:cornflower":2,"quark:light_blue_shard":4,"minecraft:string":3,"minecraft:raw_copper":8,"minecraft:iron_axe":1,"minecraft:white_carpet":1,"minecraft:blue_orchid":2,"minecraft:cobbled_deepslate":9,"twigs:pebble":8,"minecraft:spruce_planks":1,"minecraft:beef":1,"minecraft:iron_nugget":72,"minecraft:sugar_cane":10,"delightful:green_tea_leaf":1,"farmersdelight:cabbage_seeds":4,"minecraft:furnace":2,"minecraft:raw_iron":101,"minecraft:torch":20,"minecraft:porkchop":1,"minecraft:diorite":1,"minecraft:light_blue_bed":1,"minecraft:rotten_flesh":9,"minecraft:beetroot_seeds":10,"farmersdelight:onion":4,"supplementaries:antique_ink":1,"supplementaries:ash":43,"minecraft:snowball":10,"minecraft:cobblestone":95,"minecraft:oxeye_daisy":2,"minecraft:leather":3,"minecraft:potato":16,"minecraft:flint":1,"supplementaries:flax_seeds":1,"minecraft:dirt":37,"minecraft:lapis_lazuli":37,"minecraft:blue_bed":3,"minecraft:bone":29,"delightful:mini_melon":12,"minecraft:wheat_seeds":187,"galosphere:raw_silver":4,"twigs:twig":3,"twilightforest:charm_of_life_1":1,"minecraft:book":3,"minecraft:cooked_porkchop":2,"quark:shale":1,"minecraft:dandelion":2,"minecraft:gravel":5,"minecraft:sand":12,"minecraft:spruce_sapling":3,"minecraft:white_bed":1,"minecraft:spruce_log":11,"minecraft:dark_oak_log":3,"minecraft:barrel":2,"minecraft:spider_eye":1,"minecraft:brick_slab":6,"minecraft:diamond":5,"minecraft:stone_axe":1,"minecraft:emerald":2,"minecraft:coal":31,"minecraft:bricks":5}},"DataVersion":3465}