{"stats":{"minecraft:killed_by":{"minecraft:creeper":1},"minecraft:used":{"minecraft:wheat_seeds":2,"minecraft:diorite":1,"quark:shale":1,"minecraft:wooden_pickaxe":25,"minecraft:torch":3,"minecraft:dirt":26,"minecraft:crafting_table":4,"minecraft:white_bed":1,"minecraft:wooden_axe":30,"minecraft:bread":3,"minecraft:melon_slice":24,"minecraft:iron_pickaxe":147,"minecraft:spruce_sapling":2,"delightful:green_tea_leaf":1,"minecraft:stone_axe":55,"minecraft:furnace":2,"minecraft:cooked_porkchop":2,"twigs:pebble":7},"minecraft:dropped":{"minecraft:gravel":5,"minecraft:sugar_cane":5,"minecraft:wheat_seeds":5,"minecraft:cooked_beef":4,"minecraft:cobbled_deepslate":1,"minecraft:rotten_flesh":2,"minecraft:cobblestone":6,"twilightforest:charm_of_life_1":1,"minecraft:clay_ball":8,"minecraft:oxeye_daisy":1,"supplementaries:flax_seeds":1,"minecraft:cornflower":2,"minecraft:spider_eye":1,"minecraft:wooden_pickaxe":1,"minecraft:iron_pickaxe":1,"twigs:twig":3,"minecraft:dandelion":2},"minecraft:crafted":{"minecraft:cooked_beef":5,"minecraft:cooked_porkchop":1,"minecraft:crafting_table":1,"minecraft:spruce_planks":24,"minecraft:melon_slice":24,"minecraft:wooden_pickaxe":1,"minecraft:furnace":1,"minecraft:stone_axe":1,"minecraft:air":0,"minecraft:stick":16,"minecraft:iron_ingot":73,"minecraft:iron_pickaxe":2,"minecraft:wooden_axe":1},"minecraft:killed":{"minecraft:cave_spider":1,"minecraft:pig":1,"minecraft:spider":2,"minecraft:zombie":13,"minecraft:silverfish":1},"minecraft:mined":{"twigs:pebble":2,"minecraft:white_bed":1,"minecraft:deepslate_diamond_ore":5,"quark:shale":1,"galosphere:deepslate_silver_ore":4,"minecraft:dandelion":3,"minecraft:cornflower":2,"minecraft:crafting_table":4,"minecraft:grass_block":5,"supplementaries:wild_flax":1,"twigs:twig":1,"minecraft:deepslate_gold_ore":2,"biomesoplenty:yellow_maple_leaf_pile":4,"minecraft:sugar_cane":2,"minecraft:oxeye_daisy":1,"minecraft:diorite":1,"minecraft:blue_bed":1,"minecraft:spawner":1,"supplementaries:urn":23,"minecraft:chain":1,"minecraft:furnace":2,"minecraft:cobbled_deepslate":3,"minecraft:iron_ore":16,"minecraft:wheat":2,"minecraft:spruce_log":10,"minecraft:grass":29,"minecraft:infested_mossy_stone_bricks":1,"minecraft:potatoes":15,"minecraft:coal_ore":21,"minecraft:deepslate_iron_ore":41,"delightful:mini_melon":8,"biomesoplenty:webbing":9,"minecraft:gravel":1,"minecraft:dirt":10,"twigs:rhyolite":1,"biomesoplenty:spider_egg":1,"minecraft:stone":29,"minecraft:deepslate":7,"minecraft:fern":10},"minecraft:custom":{"minecraft:interact_with_furnace":12,"minecraft:mob_kills":19,"minecraft:interact_with_crafting_table":7,"minecraft:open_barrel":9,"goblintraders:trade_with_goblin":30,"minecraft:leave_game":1,"minecraft:time_since_death":37760,"minecraft:time_since_rest":37809,"minecraft:sprint_one_cm":113425,"minecraft:damage_taken":1350,"minecraft:walk_one_cm":100767,"minecraft:drop":42,"minecraft:damage_dealt":3268,"twilightforest:life_charms_activated":1,"minecraft:swim_one_cm":15761,"minecraft:fly_one_cm":165678,"minecraft:open_chest":4,"minecraft:crouch_one_cm":6577,"minecraft:play_time":48321,"minecraft:deaths":1,"minecraft:sneak_time":2986,"minecraft:walk_under_water_one_cm":2505,"minecraft:jump":833,"minecraft:walk_on_water_one_cm":3389,"minecraft:total_world_time":48321,"minecraft:fall_one_cm":22643},"minecraft:picked_up":{"minecraft:crafting_table":4,"minecraft:clay_ball":8,"minecraft:leather":3,"minecraft:potato":16,"spawnersplus:spawner_fragment":1,"minecraft:chain":1,"supplementaries:flax_seeds":1,"minecraft:string":3,"minecraft:cornflower":2,"minecraft:blue_bed":1,"minecraft:dirt":30,"minecraft:raw_copper":8,"minecraft:bone":29,"minecraft:cobbled_deepslate":9,"delightful:mini_melon":8,"minecraft:wheat_seeds":7,"minecraft:spruce_planks":1,"twigs:pebble":7,"minecraft:beef":1,"minecraft:iron_nugget":72,"galosphere:raw_silver":4,"delightful:green_tea_leaf":1,"twigs:twig":3,"minecraft:sugar_cane":10,"twilightforest:charm_of_life_1":1,"minecraft:furnace":2,"minecraft:raw_iron":101,"minecraft:cooked_porkchop":2,"quark:shale":1,"minecraft:torch":14,"minecraft:dandelion":2,"minecraft:gravel":5,"minecraft:porkchop":1,"minecraft:sand":12,"minecraft:spruce_sapling":3,"minecraft:diorite":1,"minecraft:white_bed":1,"minecraft:spruce_log":6,"minecraft:spider_eye":1,"minecraft:rotten_flesh":9,"minecraft:diamond":5,"supplementaries:antique_ink":1,"minecraft:emerald":2,"supplementaries:ash":43,"minecraft:coal":21,"minecraft:cobblestone":29,"minecraft:oxeye_daisy":1}},"DataVersion":3465}