{"stats":{"minecraft:killed_by":{"minecraft:creeper":1,"minecraft:skeleton":1,"minecraft:vex":1},"minecraft:used":{"quark:shale":1,"minecraft:spruce_planks":14,"minecraft:iron_sword":199,"minecraft:torch":45,"minecraft:brewing_stand":1,"minecraft:dirt":32,"minecraft:granite":2,"minecraft:snowball":5,"minecraft:dark_oak_planks":55,"minecraft:wooden_axe":30,"quark:spruce_chest":2,"minecraft:iron_axe":166,"minecraft:light_blue_bed":1,"minecraft:barrel":2,"minecraft:dark_oak_boat":1,"delightful:green_tea_leaf":4,"minecraft:golden_sword":40,"minecraft:beef":2,"minecraft:goat_horn":10,"minecraft:furnace":5,"farmersdelight:cooking_pot":1,"minecraft:cooked_beef":5,"blue_skies:moonstone":1,"minecraft:calcite":3,"minecraft:wheat_seeds":2,"minecraft:water_bucket":4,"minecraft:diorite":2,"minecraft:wooden_pickaxe":25,"minecraft:sandstone":3,"minecraft:blue_bed":3,"minecraft:mossy_cobblestone":1,"minecraft:sand":5,"supplementaries:bomb":4,"minecraft:crafting_table":7,"minecraft:cod":1,"minecraft:white_bed":1,"minecraft:flower_pot":1,"minecraft:diamond_pickaxe":238,"minecraft:dark_oak_log":4,"minecraft:melon_slice":36,"minecraft:bread":57,"minecraft:iron_pickaxe":258,"minecraft:spruce_sapling":2,"minecraft:stone_axe":62,"quark:dark_oak_chest":6,"minecraft:cobblestone":34,"minecraft:cooked_porkchop":3,"minecraft:bucket":4,"minecraft:wither_rose":2,"alexsmobs:animal_dictionary":1,"twigs:pebble":14,"minecraft:experience_bottle":2},"minecraft:dropped":{"minecraft:iron_sword":1,"minecraft:wheat_seeds":10,"minecraft:cooked_beef":4,"minecraft:iron_helmet":1,"minecraft:cobblestone":74,"farmersdelight:cooked_rice":16,"minecraft:granite":3,"minecraft:sentry_armor_trim_smithing_template":2,"minecraft:flint":1,"minecraft:oxeye_daisy":2,"minecraft:diorite":14,"minecraft:cornflower":2,"alexsmobs:rainbow_jelly":1,"minecraft:iron_leggings":2,"minecraft:polished_andesite_stairs":2,"minecraft:glistering_melon_slice":1,"minecraft:iron_pickaxe":1,"minecraft:string":4,"twigs:twig":9,"spawnersplus:spawner_fragment":6,"minecraft:dandelion":2,"minecraft:gravel":5,"twigs:rhyolite":4,"minecraft:bricks":5,"minecraft:stone_axe":2,"minecraft:goat_horn":2,"twigs:petrified_lichen":1,"minecraft:sugar_cane":5,"minecraft:soul_soil":1,"minecraft:cobbled_deepslate":37,"minecraft:tuff":2,"minecraft:wheat":1,"minecraft:rotten_flesh":10,"twilightforest:charm_of_life_1":1,"minecraft:clay_ball":8,"minecraft:oak_planks":2,"quark:light_blue_shard":4,"minecraft:filled_map":2,"supplementaries:flax_seeds":1,"biomesoplenty:umbran_log":4,"minecraft:flower_pot":2,"minecraft:iron_chestplate":1,"farmersdelight:rope":6,"minecraft:andesite":6,"minecraft:golden_leggings":3,"minecraft:golden_sword":1,"minecraft:spider_eye":1,"minecraft:sandstone":2,"minecraft:blue_orchid":2,"minecraft:wooden_pickaxe":1,"minecraft:brick_slab":6,"minecraft:splash_potion":1},"minecraft:crafted":{"minecraft:dark_oak_boat":1,"minecraft:melon_slice":36,"minecraft:furnace":1,"quark:dark_oak_chest":4,"quark:spruce_chest":2,"minecraft:dark_oak_planks":96,"minecraft:cooked_beef":5,"minecraft:cooked_porkchop":1,"minecraft:crafting_table":2,"minecraft:spruce_planks":44,"minecraft:iron_helmet":1,"minecraft:wooden_pickaxe":1,"minecraft:stone_axe":1,"minecraft:bread":90,"minecraft:air":0,"minecraft:iron_chestplate":1,"minecraft:diamond_pickaxe":1,"minecraft:stick":16,"minecraft:iron_ingot":73,"minecraft:iron_pickaxe":2,"minecraft:wooden_axe":1,"minecraft:gold_ingot":28},"minecraft:killed":{"minecraft:cave_spider":1,"minecraft:vindicator":2,"minecraft:spider":2,"alexsmobs:seagull":1,"minecraft:skeleton":15,"minecraft:chicken":1,"alexsmobs:comb_jelly":6,"minecraft:silverfish":1,"minecraft:pig":1,"minecraft:squid":4,"minecraft:zombie":54},"minecraft:broken":{"minecraft:iron_pickaxe":1},"minecraft:picked_up":{"minecraft:blue_candle":3,"minecraft:crafting_table":7,"twigs:petrified_lichen":1,"minecraft:wheat":264,"minecraft:clay_ball":8,"minecraft:flower_pot":3,"minecraft:sentry_armor_trim_smithing_template":2,"minecraft:wither_rose":2,"minecraft:gold_block":3,"quark:dark_oak_chest":2,"minecraft:chain":1,"minecraft:brewing_stand":1,"spawnersplus:spawner_fragment":9,"farmersdelight:cooked_rice":16,"minecraft:cornflower":2,"quark:light_blue_shard":4,"minecraft:string":12,"minecraft:soul_soil":1,"minecraft:raw_copper":8,"minecraft:iron_axe":1,"minecraft:iron_leggings":1,"minecraft:white_carpet":1,"minecraft:blue_orchid":2,"minecraft:cobbled_deepslate":45,"twigs:pebble":14,"minecraft:spruce_planks":4,"minecraft:beef":1,"minecraft:calcite":3,"minecraft:iron_nugget":72,"minecraft:sugar_cane":10,"delightful:green_tea_leaf":4,"minecraft:egg":8,"farmersdelight:cabbage_seeds":4,"minecraft:furnace":2,"minecraft:sandstone":5,"minecraft:raw_iron":101,"minecraft:torch":25,"minecraft:porkchop":1,"minecraft:diorite":16,"minecraft:light_blue_bed":1,"minecraft:goat_horn":1,"minecraft:blue_carpet":3,"minecraft:dark_oak_planks":17,"minecraft:arrow":10,"minecraft:rotten_flesh":63,"biomesoplenty:umbran_sapling":14,"minecraft:beetroot_seeds":10,"farmersdelight:onion":4,"supplementaries:antique_ink":1,"farmersdelight:rope":3,"minecraft:glistering_melon_slice":1,"supplementaries:ash":43,"minecraft:iron_bars":2,"minecraft:snowball":10,"minecraft:cobblestone":195,"minecraft:oxeye_daisy":2,"minecraft:andesite":6,"minecraft:leather":3,"minecraft:golden_leggings":1,"minecraft:potato":18,"minecraft:filled_map":1,"blue_skies:moonstone":1,"minecraft:flint":1,"minecraft:tuff":2,"supplementaries:flax_seeds":1,"minecraft:dirt":39,"minecraft:lapis_lazuli":37,"minecraft:blue_bed":3,"minecraft:name_tag":2,"minecraft:bone":52,"farmersdelight:cooking_pot":1,"delightful:mini_melon":12,"minecraft:wheat_seeds":719,"minecraft:raw_gold":8,"minecraft:iron_sword":2,"minecraft:gray_candle":1,"biomesoplenty:umbran_log":68,"galosphere:raw_silver":4,"twigs:twig":9,"minecraft:oak_planks":2,"twilightforest:charm_of_life_1":1,"minecraft:book":3,"minecraft:polished_andesite_stairs":3,"minecraft:cooked_porkchop":2,"quark:shale":1,"minecraft:dandelion":2,"minecraft:gravel":5,"minecraft:sand":17,"minecraft:dead_bush":1,"minecraft:mossy_cobblestone":6,"minecraft:spruce_sapling":3,"minecraft:ink_sac":11,"minecraft:white_bed":1,"minecraft:spruce_log":11,"minecraft:dark_oak_log":22,"minecraft:barrel":2,"minecraft:spider_eye":1,"galosphere:silver_nugget":2,"minecraft:brick_slab":6,"minecraft:diamond":5,"minecraft:stone_axe":1,"minecraft:light_blue_carpet":9,"alexsmobs:rainbow_jelly":3,"minecraft:granite":5,"minecraft:golden_apple":1,"minecraft:bread":2,"minecraft:emerald":10,"twigs:rhyolite":4,"minecraft:coal":41,"minecraft:bricks":5},"minecraft:custom":{"minecraft:interact_with_smithing_table":1,"minecraft:mob_kills":89,"minecraft:interact_with_crafting_table":18,"minecraft:open_barrel":41,"goblintraders:trade_with_goblin":30,"minecraft:leave_game":2,"minecraft:time_since_death":23705,"minecraft:climb_one_cm":4905,"minecraft:sprint_one_cm":572796,"minecraft:walk_one_cm":406223,"minecraft:drop":143,"minecraft:talked_to_villager":1,"minecraft:boat_one_cm":16960,"minecraft:play_time":174516,"minecraft:deaths":4,"minecraft:sneak_time":6727,"minecraft:walk_under_water_one_cm":21148,"minecraft:interact_with_brewingstand":3,"minecraft:jump":3272,"minecraft:walk_on_water_one_cm":29639,"minecraft:total_world_time":174516,"minecraft:interact_with_furnace":40,"minecraft:sleep_in_bed":4,"minecraft:time_since_rest":23728,"minecraft:damage_taken":5125,"minecraft:damage_dealt":16441,"twilightforest:life_charms_activated":1,"minecraft:swim_one_cm":117065,"minecraft:fly_one_cm":917654,"minecraft:open_chest":140,"minecraft:crouch_one_cm":16867,"minecraft:fall_one_cm":69028},"minecraft:mined":{"minecraft:dark_oak_planks":17,"minecraft:blue_carpet":2,"minecraft:tuff":2,"minecraft:spruce_planks":4,"minecraft:white_bed":1,"minecraft:mossy_cobblestone":7,"minecraft:dark_oak_leaves":1,"quark:shale":1,"minecraft:deepslate_diamond_ore":5,"blue_skies:moonstone":1,"minecraft:dark_oak_log":26,"minecraft:potted_blue_orchid":2,"minecraft:light_blue_carpet":8,"minecraft:brewing_stand":1,"minecraft:granite":6,"minecraft:grass_block":6,"twigs:twig":1,"minecraft:soul_campfire":1,"biomesoplenty:yellow_maple_leaf_pile":4,"minecraft:sandstone":5,"minecraft:oxeye_daisy":1,"biomesoplenty:tundra_shrub":1,"minecraft:spawner":17,"minecraft:light_blue_stained_glass":2,"minecraft:hay_block":1,"minecraft:furnace":2,"minecraft:mossy_cobblestone_stairs":1,"minecraft:barrel":2,"minecraft:iron_ore":16,"minecraft:cobbled_deepslate":3,"minecraft:andesite":6,"minecraft:gold_block":3,"biomesoplenty:rainbow_birch_leaves":1,"minecraft:bookshelf":1,"minecraft:potatoes":15,"minecraft:deepslate_iron_ore":41,"minecraft:iron_bars":3,"biomesoplenty:webbing":9,"minecraft:packed_ice":13,"minecraft:stone":197,"biomesoplenty:spider_egg":1,"farmersdelight:cooking_pot":1,"twigs:pebble":8,"quark:dark_oak_chest":2,"galosphere:deepslate_silver_ore":4,"minecraft:dandelion":3,"minecraft:powder_snow":8,"minecraft:crafting_table":6,"minecraft:cornflower":2,"minecraft:calcite":2,"minecraft:polished_andesite_stairs":5,"supplementaries:wild_flax":1,"minecraft:campfire":1,"minecraft:cobblestone":32,"biomesoplenty:sprout":2,"minecraft:deepslate_gold_ore":10,"minecraft:lapis_ore":5,"minecraft:oak_planks":1,"minecraft:sugar_cane":2,"minecraft:bricks":1,"minecraft:diorite":30,"minecraft:blue_bed":4,"minecraft:wall_torch":7,"supplementaries:urn":23,"minecraft:blue_candle":1,"minecraft:chain":1,"minecraft:light_blue_bed":1,"minecraft:gray_bed":1,"minecraft:wheat":296,"minecraft:ice":3,"minecraft:white_carpet":1,"minecraft:spruce_log":10,"biomesoplenty:umbran_log":69,"minecraft:wither_rose":1,"minecraft:infested_mossy_stone_bricks":1,"minecraft:grass":34,"minecraft:coal_ore":21,"delightful:mini_melon":12,"minecraft:sand":5,"minecraft:gravel":2,"minecraft:dirt":15,"minecraft:cobweb":4,"twigs:rhyolite":5,"minecraft:gold_ore":1,"minecraft:deepslate":43,"minecraft:fern":12}},"DataVersion":3465}