{"stats":{"minecraft:killed_by":{"minecraft:creeper":1},"minecraft:used":{"minecraft:wheat_seeds":2,"minecraft:wooden_axe":30,"minecraft:diorite":1,"minecraft:melon_slice":3,"minecraft:bread":3,"minecraft:iron_pickaxe":23,"minecraft:wooden_pickaxe":25,"minecraft:spruce_sapling":2,"minecraft:dirt":14,"minecraft:crafting_table":2,"minecraft:furnace":1,"minecraft:white_bed":1},"minecraft:dropped":{"minecraft:cobblestone":3,"twilightforest:charm_of_life_1":1,"minecraft:clay_ball":8,"minecraft:wooden_pickaxe":1,"minecraft:iron_pickaxe":1},"minecraft:crafted":{"minecraft:cooked_beef":1,"minecraft:crafting_table":1,"minecraft:melon_slice":24,"minecraft:spruce_planks":24,"minecraft:stick":16,"minecraft:iron_pickaxe":2,"minecraft:iron_ingot":8,"minecraft:wooden_pickaxe":1,"minecraft:wooden_axe":1,"minecraft:furnace":1,"minecraft:air":0},"minecraft:killed":{"minecraft:zombie":3},"minecraft:mined":{"twigs:pebble":1,"minecraft:white_bed":1,"minecraft:furnace":1,"minecraft:wheat":2,"minecraft:spruce_log":10,"minecraft:crafting_table":2,"minecraft:potatoes":15,"minecraft:grass_block":3,"minecraft:coal_ore":18,"delightful:mini_melon":8,"minecraft:dirt":9,"minecraft:stone":27,"minecraft:sugar_cane":2,"minecraft:diorite":1,"minecraft:blue_bed":1},"minecraft:picked_up":{"minecraft:crafting_table":2,"minecraft:clay_ball":8,"minecraft:leather":3,"minecraft:potato":16,"minecraft:sand":12,"minecraft:diorite":1,"minecraft:spruce_sapling":3,"minecraft:white_bed":1,"minecraft:spruce_log":6,"minecraft:dirt":27,"minecraft:blue_bed":1,"minecraft:rotten_flesh":2,"delightful:mini_melon":8,"minecraft:wheat_seeds":2,"minecraft:spruce_planks":1,"minecraft:beef":1,"minecraft:sugar_cane":5,"minecraft:coal":18,"minecraft:furnace":1,"minecraft:cobblestone":27,"twilightforest:charm_of_life_1":1},"minecraft:custom":{"minecraft:time_since_rest":13809,"minecraft:interact_with_furnace":7,"minecraft:sprint_one_cm":46017,"minecraft:damage_taken":680,"minecraft:walk_one_cm":34083,"minecraft:mob_kills":3,"minecraft:drop":14,"minecraft:damage_dealt":652,"minecraft:swim_one_cm":6253,"minecraft:interact_with_crafting_table":5,"minecraft:fly_one_cm":84262,"minecraft:open_chest":1,"minecraft:crouch_one_cm":175,"minecraft:play_time":24321,"minecraft:deaths":1,"minecraft:sneak_time":61,"minecraft:walk_under_water_one_cm":264,"minecraft:jump":353,"minecraft:leave_game":1,"minecraft:walk_on_water_one_cm":196,"minecraft:time_since_death":13760,"minecraft:total_world_time":24321,"minecraft:fall_one_cm":11638}},"DataVersion":3465}