{"stats":{"minecraft:killed_by":{"minecraft:creeper":1},"minecraft:used":{"quark:shale":1,"minecraft:torch":12,"minecraft:dirt":30,"minecraft:granite":2,"minecraft:snowball":5,"minecraft:dark_oak_planks":3,"minecraft:wooden_axe":30,"quark:spruce_chest":2,"minecraft:iron_axe":19,"minecraft:light_blue_bed":1,"minecraft:barrel":2,"delightful:green_tea_leaf":1,"minecraft:furnace":5,"minecraft:cooked_beef":1,"minecraft:calcite":3,"minecraft:wheat_seeds":2,"minecraft:diorite":2,"minecraft:wooden_pickaxe":25,"minecraft:sandstone":3,"minecraft:blue_bed":3,"minecraft:sand":5,"minecraft:crafting_table":5,"minecraft:white_bed":1,"minecraft:diamond_pickaxe":161,"minecraft:melon_slice":31,"minecraft:bread":14,"minecraft:iron_pickaxe":258,"minecraft:spruce_sapling":2,"minecraft:stone_axe":62,"minecraft:cobblestone":30,"minecraft:cooked_porkchop":2,"alexsmobs:animal_dictionary":1,"twigs:pebble":10},"minecraft:dropped":{"minecraft:wheat_seeds":6,"minecraft:cooked_beef":4,"minecraft:cobblestone":74,"minecraft:granite":3,"minecraft:flint":1,"minecraft:oxeye_daisy":2,"minecraft:diorite":14,"minecraft:cornflower":2,"alexsmobs:rainbow_jelly":1,"minecraft:iron_pickaxe":1,"twigs:twig":3,"minecraft:dandelion":2,"minecraft:gravel":5,"twigs:rhyolite":4,"minecraft:bricks":5,"minecraft:stone_axe":2,"twigs:petrified_lichen":1,"minecraft:sugar_cane":5,"minecraft:cobbled_deepslate":37,"minecraft:tuff":2,"minecraft:rotten_flesh":2,"twilightforest:charm_of_life_1":1,"minecraft:clay_ball":8,"minecraft:oak_planks":2,"quark:light_blue_shard":4,"minecraft:filled_map":2,"supplementaries:flax_seeds":1,"minecraft:flower_pot":2,"minecraft:andesite":6,"minecraft:golden_leggings":1,"minecraft:spider_eye":1,"minecraft:sandstone":2,"minecraft:blue_orchid":2,"minecraft:wooden_pickaxe":1,"minecraft:brick_slab":6,"minecraft:splash_potion":1},"minecraft:crafted":{"minecraft:melon_slice":36,"minecraft:furnace":1,"quark:spruce_chest":2,"minecraft:dark_oak_planks":12,"minecraft:cooked_beef":5,"minecraft:cooked_porkchop":1,"minecraft:crafting_table":1,"minecraft:spruce_planks":44,"minecraft:wooden_pickaxe":1,"minecraft:stone_axe":1,"minecraft:air":0,"minecraft:diamond_pickaxe":1,"minecraft:stick":16,"minecraft:iron_ingot":73,"minecraft:iron_pickaxe":2,"minecraft:wooden_axe":1,"minecraft:gold_ingot":1},"minecraft:killed":{"minecraft:cave_spider":1,"minecraft:spider":2,"alexsmobs:seagull":1,"alexsmobs:comb_jelly":6,"minecraft:silverfish":1,"minecraft:pig":1,"minecraft:zombie":13},"minecraft:broken":{"minecraft:iron_pickaxe":1},"minecraft:custom":{"minecraft:mob_kills":26,"minecraft:interact_with_crafting_table":12,"minecraft:open_barrel":26,"goblintraders:trade_with_goblin":30,"minecraft:leave_game":1,"minecraft:time_since_death":85760,"minecraft:climb_one_cm":2035,"minecraft:sprint_one_cm":249407,"minecraft:walk_one_cm":163474,"minecraft:drop":83,"minecraft:play_time":96321,"minecraft:deaths":1,"minecraft:sneak_time":4231,"minecraft:walk_under_water_one_cm":11687,"minecraft:interact_with_brewingstand":2,"minecraft:jump":2035,"minecraft:walk_on_water_one_cm":16300,"minecraft:total_world_time":96321,"minecraft:interact_with_furnace":24,"minecraft:sleep_in_bed":2,"minecraft:time_since_rest":30272,"minecraft:damage_taken":1679,"minecraft:damage_dealt":3716,"twilightforest:life_charms_activated":1,"minecraft:swim_one_cm":55433,"minecraft:fly_one_cm":580475,"minecraft:open_chest":32,"minecraft:crouch_one_cm":9203,"minecraft:fall_one_cm":38224},"minecraft:mined":{"minecraft:blue_carpet":2,"minecraft:tuff":2,"minecraft:spruce_planks":1,"minecraft:white_bed":1,"quark:shale":1,"minecraft:deepslate_diamond_ore":5,"minecraft:dark_oak_log":4,"minecraft:potted_blue_orchid":2,"minecraft:light_blue_carpet":8,"minecraft:brewing_stand":1,"minecraft:granite":6,"minecraft:grass_block":5,"twigs:twig":1,"biomesoplenty:yellow_maple_leaf_pile":4,"minecraft:sandstone":5,"minecraft:oxeye_daisy":1,"biomesoplenty:tundra_shrub":1,"minecraft:spawner":1,"minecraft:light_blue_stained_glass":2,"minecraft:furnace":2,"minecraft:barrel":2,"minecraft:iron_ore":16,"minecraft:cobbled_deepslate":3,"minecraft:andesite":6,"minecraft:bookshelf":1,"minecraft:potatoes":15,"minecraft:deepslate_iron_ore":41,"minecraft:iron_bars":1,"biomesoplenty:webbing":9,"minecraft:packed_ice":13,"minecraft:stone":188,"biomesoplenty:spider_egg":1,"twigs:pebble":5,"galosphere:deepslate_silver_ore":4,"minecraft:dandelion":3,"minecraft:powder_snow":8,"minecraft:crafting_table":5,"minecraft:cornflower":2,"minecraft:calcite":2,"supplementaries:wild_flax":1,"minecraft:campfire":1,"minecraft:cobblestone":5,"minecraft:deepslate_gold_ore":10,"minecraft:lapis_ore":5,"minecraft:oak_planks":1,"minecraft:sugar_cane":2,"minecraft:bricks":1,"minecraft:diorite":30,"minecraft:blue_bed":4,"minecraft:wall_torch":5,"supplementaries:urn":23,"minecraft:blue_candle":1,"minecraft:chain":1,"minecraft:light_blue_bed":1,"minecraft:wheat":188,"minecraft:ice":3,"minecraft:white_carpet":1,"minecraft:spruce_log":10,"minecraft:infested_mossy_stone_bricks":1,"minecraft:grass":31,"minecraft:coal_ore":21,"delightful:mini_melon":12,"minecraft:sand":5,"minecraft:gravel":2,"minecraft:dirt":14,"twigs:rhyolite":5,"minecraft:gold_ore":1,"minecraft:deepslate":43,"minecraft:fern":11},"minecraft:picked_up":{"minecraft:blue_candle":3,"minecraft:crafting_table":5,"twigs:petrified_lichen":1,"minecraft:wheat":169,"minecraft:clay_ball":8,"minecraft:flower_pot":2,"minecraft:chain":1,"minecraft:brewing_stand":1,"spawnersplus:spawner_fragment":1,"minecraft:cornflower":2,"quark:light_blue_shard":4,"minecraft:string":3,"minecraft:raw_copper":8,"minecraft:iron_axe":1,"minecraft:white_carpet":1,"minecraft:blue_orchid":2,"minecraft:cobbled_deepslate":45,"twigs:pebble":10,"minecraft:spruce_planks":2,"minecraft:beef":1,"minecraft:calcite":3,"minecraft:iron_nugget":72,"minecraft:sugar_cane":10,"delightful:green_tea_leaf":1,"minecraft:egg":4,"farmersdelight:cabbage_seeds":4,"minecraft:furnace":2,"minecraft:sandstone":5,"minecraft:raw_iron":101,"minecraft:torch":22,"minecraft:porkchop":1,"minecraft:diorite":16,"minecraft:light_blue_bed":1,"minecraft:blue_carpet":3,"minecraft:rotten_flesh":9,"minecraft:beetroot_seeds":10,"farmersdelight:onion":4,"supplementaries:antique_ink":1,"supplementaries:ash":43,"minecraft:snowball":10,"minecraft:cobblestone":167,"minecraft:oxeye_daisy":2,"minecraft:andesite":6,"minecraft:leather":3,"minecraft:potato":16,"minecraft:filled_map":1,"minecraft:flint":1,"minecraft:tuff":2,"supplementaries:flax_seeds":1,"minecraft:dirt":37,"minecraft:lapis_lazuli":37,"minecraft:blue_bed":3,"minecraft:bone":29,"delightful:mini_melon":12,"minecraft:wheat_seeds":450,"minecraft:raw_gold":8,"galosphere:raw_silver":4,"twigs:twig":3,"minecraft:oak_planks":2,"twilightforest:charm_of_life_1":1,"minecraft:book":3,"minecraft:cooked_porkchop":2,"quark:shale":1,"minecraft:dandelion":2,"minecraft:gravel":5,"minecraft:sand":17,"minecraft:spruce_sapling":3,"minecraft:white_bed":1,"minecraft:spruce_log":11,"minecraft:dark_oak_log":3,"minecraft:barrel":2,"minecraft:spider_eye":1,"minecraft:brick_slab":6,"minecraft:diamond":5,"minecraft:stone_axe":1,"minecraft:light_blue_carpet":9,"alexsmobs:rainbow_jelly":3,"minecraft:granite":5,"minecraft:bread":1,"minecraft:emerald":2,"twigs:rhyolite":4,"minecraft:coal":36,"minecraft:bricks":5}},"DataVersion":3465}