{"stats":{"minecraft:killed_by":{"minecraft:creeper":1},"minecraft:used":{"minecraft:wheat_seeds":2,"minecraft:diorite":1,"quark:shale":1,"minecraft:wooden_pickaxe":25,"minecraft:dirt":18,"minecraft:crafting_table":3,"minecraft:white_bed":1,"minecraft:wooden_axe":30,"minecraft:bread":3,"minecraft:melon_slice":15,"minecraft:iron_pickaxe":78,"minecraft:spruce_sapling":2,"delightful:green_tea_leaf":1,"minecraft:stone_axe":14,"minecraft:furnace":2,"twigs:pebble":7},"minecraft:dropped":{"minecraft:gravel":5,"minecraft:wheat_seeds":5,"minecraft:cooked_beef":4,"minecraft:cobblestone":6,"twilightforest:charm_of_life_1":1,"minecraft:clay_ball":8,"minecraft:oxeye_daisy":1,"supplementaries:flax_seeds":1,"minecraft:cornflower":2,"minecraft:spider_eye":1,"minecraft:wooden_pickaxe":1,"minecraft:iron_pickaxe":1,"twigs:twig":3,"minecraft:dandelion":2},"minecraft:crafted":{"minecraft:cooked_beef":5,"minecraft:cooked_porkchop":1,"minecraft:crafting_table":1,"minecraft:spruce_planks":24,"minecraft:melon_slice":24,"minecraft:wooden_pickaxe":1,"minecraft:furnace":1,"minecraft:stone_axe":1,"minecraft:air":0,"minecraft:stick":16,"minecraft:iron_ingot":8,"minecraft:iron_pickaxe":2,"minecraft:wooden_axe":1},"minecraft:killed":{"minecraft:cave_spider":1,"minecraft:pig":1,"minecraft:zombie":4,"minecraft:silverfish":1},"minecraft:mined":{"twigs:pebble":2,"minecraft:white_bed":1,"quark:shale":1,"minecraft:dandelion":3,"minecraft:cornflower":2,"minecraft:crafting_table":3,"minecraft:grass_block":5,"supplementaries:wild_flax":1,"twigs:twig":1,"biomesoplenty:yellow_maple_leaf_pile":4,"minecraft:sugar_cane":2,"minecraft:oxeye_daisy":1,"minecraft:diorite":1,"minecraft:blue_bed":1,"supplementaries:urn":8,"minecraft:furnace":2,"minecraft:iron_ore":14,"minecraft:wheat":2,"minecraft:spruce_log":10,"minecraft:grass":29,"minecraft:infested_mossy_stone_bricks":1,"minecraft:potatoes":15,"minecraft:coal_ore":21,"minecraft:deepslate_iron_ore":18,"delightful:mini_melon":8,"biomesoplenty:webbing":6,"minecraft:dirt":10,"biomesoplenty:spider_egg":1,"minecraft:stone":28,"minecraft:fern":10},"minecraft:custom":{"minecraft:interact_with_furnace":11,"minecraft:mob_kills":7,"minecraft:interact_with_crafting_table":6,"minecraft:leave_game":1,"minecraft:time_since_death":25760,"minecraft:time_since_rest":25809,"minecraft:sprint_one_cm":86075,"minecraft:damage_taken":820,"minecraft:walk_one_cm":68143,"minecraft:drop":38,"minecraft:damage_dealt":1290,"minecraft:swim_one_cm":14361,"minecraft:fly_one_cm":130965,"minecraft:open_chest":1,"minecraft:crouch_one_cm":1753,"minecraft:play_time":36321,"minecraft:deaths":1,"minecraft:sneak_time":1219,"minecraft:walk_under_water_one_cm":2438,"minecraft:jump":582,"minecraft:walk_on_water_one_cm":2695,"minecraft:total_world_time":36321,"minecraft:fall_one_cm":16954},"minecraft:picked_up":{"minecraft:crafting_table":3,"minecraft:clay_ball":8,"minecraft:leather":3,"minecraft:potato":16,"supplementaries:flax_seeds":1,"minecraft:string":1,"minecraft:cornflower":2,"minecraft:blue_bed":1,"minecraft:dirt":30,"minecraft:bone":14,"delightful:mini_melon":8,"minecraft:wheat_seeds":7,"minecraft:spruce_planks":1,"twigs:pebble":7,"minecraft:beef":1,"minecraft:iron_nugget":51,"delightful:green_tea_leaf":1,"twigs:twig":3,"minecraft:sugar_cane":5,"twilightforest:charm_of_life_1":1,"minecraft:furnace":2,"minecraft:raw_iron":32,"minecraft:cooked_porkchop":2,"quark:shale":1,"minecraft:dandelion":2,"minecraft:gravel":5,"minecraft:porkchop":1,"minecraft:sand":12,"minecraft:spruce_sapling":3,"minecraft:diorite":1,"minecraft:white_bed":1,"minecraft:spruce_log":6,"minecraft:spider_eye":1,"minecraft:rotten_flesh":2,"minecraft:emerald":2,"supplementaries:ash":13,"minecraft:coal":21,"minecraft:cobblestone":28,"minecraft:oxeye_daisy":1}},"DataVersion":3465}