{"stats":{"minecraft:killed_by":{"minecraft:creeper":1},"minecraft:used":{"minecraft:wooden_axe":9,"minecraft:dirt":14,"minecraft:crafting_table":1},"minecraft:crafted":{"minecraft:crafting_table":1,"minecraft:spruce_planks":12,"minecraft:stick":8,"minecraft:wooden_axe":1},"minecraft:killed":{"minecraft:zombie":2},"minecraft:picked_up":{"minecraft:crafting_table":1,"minecraft:clay_ball":8,"minecraft:rotten_flesh":2,"minecraft:spruce_planks":1,"minecraft:sand":12,"minecraft:spruce_log":3,"minecraft:sugar_cane":3,"minecraft:dirt":27},"minecraft:mined":{"minecraft:grass_block":3,"minecraft:dirt":9,"minecraft:spruce_log":3,"minecraft:sugar_cane":1,"minecraft:crafting_table":1},"minecraft:custom":{"minecraft:time_since_rest":1809,"minecraft:crouch_one_cm":36,"minecraft:play_time":12321,"minecraft:sprint_one_cm":13136,"minecraft:deaths":1,"minecraft:damage_taken":560,"minecraft:walk_one_cm":12227,"minecraft:sneak_time":12,"minecraft:mob_kills":2,"minecraft:jump":81,"minecraft:damage_dealt":530,"minecraft:leave_game":1,"minecraft:time_since_death":1760,"minecraft:total_world_time":12321,"minecraft:interact_with_crafting_table":1,"minecraft:fall_one_cm":3433,"minecraft:fly_one_cm":24509}},"DataVersion":3465}