{"stats":{"minecraft:killed_by":{"minecraft:player":1},"minecraft:picked_up":{"minecraft:crafting_table":2,"biomesoplenty:fir_sapling":9,"biomesoplenty:fir_log":60,"minecraft:string":1,"minecraft:spider_eye":1,"minecraft:dirt":4,"immersive_melodies:lute":1,"minecraft:wheat_seeds":1,"immersive_melodies:flute":1,"twigs:twig":3,"minecraft:snowball":13,"minecraft:cobblestone":10},"minecraft:crafted":{"biomesoplenty:fir_planks":208,"minecraft:wooden_sword":1,"minecraft:crafting_table":1,"minecraft:stick":132,"minecraft:wooden_pickaxe":1,"minecraft:stone_pickaxe":1,"minecraft:wooden_axe":2,"immersive_melodies:trumpet":1,"immersive_melodies:lute":1,"minecraft:stone_axe":1},"minecraft:used":{"minecraft:wooden_axe":61,"minecraft:apple":3,"minecraft:stone_pickaxe":3,"minecraft:wooden_pickaxe":29,"biomesoplenty:fir_planks":6,"minecraft:wooden_sword":24,"minecraft:dirt":4,"minecraft:crafting_table":2},"minecraft:dropped":{"minecraft:wheat_seeds":1,"minecraft:wooden_axe":1,"minecraft:snowball":13,"minecraft:spider_eye":1,"minecraft:wooden_pickaxe":1,"biomesoplenty:fir_sapling":9},"minecraft:broken":{"minecraft:wooden_axe":1},"minecraft:custom":{"minecraft:time_since_rest":12674,"minecraft:sprint_one_cm":67630,"minecraft:damage_taken":288,"minecraft:walk_one_cm":53265,"minecraft:mob_kills":4,"minecraft:drop":26,"minecraft:damage_dealt":820,"minecraft:player_kills":1,"minecraft:interact_with_crafting_table":6,"minecraft:fly_one_cm":66448,"minecraft:open_chest":4,"minecraft:crouch_one_cm":2299,"minecraft:play_time":23143,"minecraft:deaths":1,"minecraft:sneak_time":1009,"minecraft:jump":226,"minecraft:walk_on_water_one_cm":196,"minecraft:time_since_death":12637,"minecraft:total_world_time":23143,"minecraft:fall_one_cm":4665},"minecraft:mined":{"minecraft:ice":3,"minecraft:wither_rose":1,"minecraft:crafting_table":2,"biomesoplenty:fir_log":61,"minecraft:grass":1,"minecraft:grass_block":1,"biomesoplenty:fir_leaves":1,"minecraft:dirt":3,"minecraft:stone":10,"minecraft:fern":1},"minecraft:killed":{"minecraft:wolf":1,"minecraft:zombie":1,"minecraft:spider":1,"alexsmobs:snow_leopard":1,"minecraft:player":1}},"DataVersion":3465}