{"stats":{"minecraft:killed_by":{"minecraft:player":2},"minecraft:picked_up":{"minecraft:crafting_table":3,"minecraft:wheat":14,"biomesoplenty:fir_sapling":9,"biomesoplenty:fir_log":60,"minecraft:potion":2,"minecraft:cornflower":1,"aether:leather_gloves":3,"minecraft:lapis_lazuli":8,"minecraft:dirt":10,"minecraft:string":1,"minecraft:raw_copper":75,"immersive_melodies:lute":1,"minecraft:wheat_seeds":4,"twigs:pebble":6,"twigs:twig":3,"minecraft:sugar_cane":1,"minecraft:sweet_berries":39,"crabbersdelight:crab":4,"minecraft:torch":5,"aether:golden_gloves":1,"minecraft:spider_eye":1,"artifacts:snorkel":2,"minecraft:purple_bed":2,"quark:clear_shard":6,"minecraft:arrow":2,"minecraft:rotten_flesh":3,"alexsmobs:rainbow_jelly":1,"minecraft:bread":4,"immersive_melodies:flute":1,"minecraft:cod":1,"minecraft:coal":3,"minecraft:snowball":13,"minecraft:cobblestone":15},"minecraft:crafted":{"minecraft:wooden_sword":1,"minecraft:cooked_cod":12,"minecraft:crafting_table":1,"minecraft:baked_potato":4,"minecraft:wooden_pickaxe":1,"immersive_melodies:trumpet":1,"minecraft:cooked_salmon":14,"immersive_melodies:lute":1,"minecraft:stone_axe":1,"minecraft:air":0,"biomesoplenty:fir_planks":208,"minecraft:stick":132,"minecraft:stone_pickaxe":1,"minecraft:wooden_axe":2,"minecraft:stone_sword":1},"minecraft:used":{"minecraft:stone_sword":20,"minecraft:tropical_fish":1,"minecraft:stone_pickaxe":40,"minecraft:wooden_pickaxe":29,"biomesoplenty:fir_planks":6,"minecraft:torch":1,"minecraft:dirt":7,"minecraft:crafting_table":3,"minecraft:wooden_axe":61,"minecraft:apple":3,"minecraft:bread":11,"alexsmobs:rainbow_jelly":1,"minecraft:stone_axe":1,"minecraft:wooden_sword":61,"minecraft:bow":2,"minecraft:purple_bed":1,"minecraft:sweet_berries":19,"alexsmobs:animal_dictionary":5,"minecraft:potato":3,"twigs:pebble":5},"minecraft:broken":{"minecraft:wooden_sword":1,"minecraft:wooden_axe":1},"minecraft:dropped":{"biomesoplenty:fir_log":8,"minecraft:moss_block":1,"minecraft:sugar_cane":1,"minecraft:wheat_seeds":4,"minecraft:wheat":28,"farmersdelight:cabbage_seeds":1,"minecraft:rotten_flesh":14,"aether:leather_gloves":3,"minecraft:tropical_fish":1,"biomesoplenty:fir_sapling":9,"minecraft:cod":1,"twigs:pebble":1,"minecraft:dirt":3,"supplementaries:flax_seeds":3,"artifacts:snorkel":1,"quark:clear_shard":6,"minecraft:cornflower":1,"minecraft:wooden_axe":1,"minecraft:snowball":13,"farmersdelight:onion":2,"minecraft:spider_eye":1,"minecraft:wooden_pickaxe":1,"minecraft:sugar":4,"minecraft:paper":14,"twigs:twig":3},"minecraft:custom":{"minecraft:interact_with_furnace":14,"minecraft:mob_kills":16,"minecraft:interact_with_crafting_table":10,"minecraft:open_barrel":14,"minecraft:leave_game":1,"minecraft:time_since_death":14835,"minecraft:sleep_in_bed":2,"minecraft:climb_one_cm":464,"minecraft:time_since_rest":1121,"minecraft:sprint_one_cm":146336,"minecraft:damage_taken":1638,"minecraft:walk_one_cm":142489,"minecraft:drop":72,"minecraft:damage_dealt":2780,"twilightforest:life_charms_activated":1,"minecraft:talked_to_villager":1,"minecraft:fly_one_cm":230377,"minecraft:swim_one_cm":105128,"minecraft:player_kills":1,"minecraft:open_chest":19,"minecraft:crouch_one_cm":9105,"minecraft:play_time":77762,"minecraft:deaths":3,"minecraft:sneak_time":3287,"minecraft:walk_under_water_one_cm":47152,"minecraft:boat_one_cm":68191,"minecraft:jump":1483,"minecraft:interact_with_brewingstand":2,"minecraft:walk_on_water_one_cm":24838,"minecraft:total_world_time":77762,"minecraft:fall_one_cm":22898},"minecraft:killed":{"minecraft:wolf":1,"alexsmobs:seal":1,"minecraft:spider":1,"alexsmobs:snow_leopard":2,"minecraft:dolphin":1,"minecraft:skeleton":2,"minecraft:zombie":2,"minecraft:bee":1,"minecraft:drowned":1,"crabbersdelight:crab":4,"minecraft:player":1},"minecraft:mined":{"twigs:pebble":3,"minecraft:crafting_table":3,"minecraft:torch":1,"minecraft:grass_block":2,"minecraft:poppy":1,"minecraft:glass":2,"minecraft:copper_ore":20,"minecraft:lapis_ore":1,"minecraft:sugar_cane":1,"minecraft:wall_torch":2,"minecraft:large_fern":1,"minecraft:purple_bed":3,"farmersdelight:wild_rice":1,"minecraft:sweet_berry_bush":20,"minecraft:ice":3,"minecraft:coal_ore":5,"biomesoplenty:fir_log":61,"minecraft:wither_rose":1,"minecraft:grass":9,"biomesoplenty:fir_leaves":1,"minecraft:dirt":8,"minecraft:stone":14,"minecraft:fern":7}},"DataVersion":3465}