{"stats":{"minecraft:killed_by":{"minecraft:player":1},"minecraft:picked_up":{"minecraft:crafting_table":3,"biomesoplenty:fir_sapling":9,"biomesoplenty:fir_log":60,"minecraft:dirt":4,"minecraft:string":1,"immersive_melodies:lute":1,"minecraft:wheat_seeds":4,"twigs:pebble":6,"twigs:twig":3,"minecraft:sugar_cane":1,"minecraft:sweet_berries":39,"crabbersdelight:crab":4,"minecraft:torch":3,"minecraft:spider_eye":1,"minecraft:purple_bed":1,"quark:clear_shard":6,"minecraft:arrow":2,"minecraft:rotten_flesh":2,"alexsmobs:rainbow_jelly":1,"minecraft:bread":4,"immersive_melodies:flute":1,"minecraft:snowball":13,"minecraft:cobblestone":10},"minecraft:crafted":{"minecraft:wooden_sword":1,"minecraft:crafting_table":1,"minecraft:wooden_pickaxe":1,"immersive_melodies:trumpet":1,"immersive_melodies:lute":1,"minecraft:stone_axe":1,"biomesoplenty:fir_planks":208,"minecraft:stick":132,"minecraft:stone_pickaxe":1,"minecraft:wooden_axe":2,"minecraft:stone_sword":1},"minecraft:used":{"minecraft:stone_sword":15,"minecraft:stone_pickaxe":3,"minecraft:wooden_pickaxe":29,"biomesoplenty:fir_planks":6,"minecraft:torch":1,"minecraft:dirt":4,"minecraft:crafting_table":3,"minecraft:wooden_axe":61,"minecraft:apple":3,"minecraft:bread":8,"alexsmobs:rainbow_jelly":1,"minecraft:stone_axe":1,"minecraft:wooden_sword":61,"minecraft:sweet_berries":19,"minecraft:potato":3,"twigs:pebble":5},"minecraft:broken":{"minecraft:wooden_sword":1,"minecraft:wooden_axe":1},"minecraft:dropped":{"minecraft:sugar_cane":1,"minecraft:wheat_seeds":4,"minecraft:rotten_flesh":2,"biomesoplenty:fir_sapling":9,"twigs:pebble":1,"quark:clear_shard":6,"minecraft:wooden_axe":1,"minecraft:snowball":13,"minecraft:spider_eye":1,"minecraft:wooden_pickaxe":1,"minecraft:sugar":4,"twigs:twig":3},"minecraft:custom":{"minecraft:mob_kills":14,"minecraft:interact_with_crafting_table":9,"minecraft:open_barrel":3,"minecraft:time_since_death":36637,"minecraft:sleep_in_bed":1,"minecraft:climb_one_cm":304,"minecraft:time_since_rest":20268,"minecraft:sprint_one_cm":139481,"minecraft:damage_taken":1034,"minecraft:walk_one_cm":112327,"minecraft:drop":46,"minecraft:damage_dealt":2541,"twilightforest:life_charms_activated":1,"minecraft:talked_to_villager":1,"minecraft:fly_one_cm":218119,"minecraft:swim_one_cm":38592,"minecraft:player_kills":1,"minecraft:open_chest":19,"minecraft:crouch_one_cm":4180,"minecraft:play_time":47143,"minecraft:deaths":1,"minecraft:sneak_time":1398,"minecraft:walk_under_water_one_cm":11626,"minecraft:jump":756,"minecraft:interact_with_brewingstand":2,"minecraft:walk_on_water_one_cm":5046,"minecraft:total_world_time":47143,"minecraft:fall_one_cm":16390},"minecraft:killed":{"minecraft:wolf":1,"alexsmobs:seal":1,"minecraft:spider":1,"alexsmobs:snow_leopard":2,"minecraft:skeleton":2,"minecraft:zombie":2,"minecraft:bee":1,"crabbersdelight:crab":4,"minecraft:player":1},"minecraft:mined":{"twigs:pebble":3,"minecraft:crafting_table":3,"minecraft:torch":1,"minecraft:grass_block":1,"minecraft:poppy":1,"minecraft:glass":2,"minecraft:sugar_cane":1,"minecraft:wall_torch":2,"minecraft:large_fern":1,"minecraft:purple_bed":2,"farmersdelight:wild_rice":1,"minecraft:sweet_berry_bush":20,"minecraft:ice":3,"biomesoplenty:fir_log":61,"minecraft:wither_rose":1,"minecraft:grass":9,"biomesoplenty:fir_leaves":1,"minecraft:dirt":3,"minecraft:stone":10,"minecraft:fern":7}},"DataVersion":3465}