{"stats":{"minecraft:killed_by":{"minecraft:player":1},"minecraft:picked_up":{"minecraft:crafting_table":3,"biomesoplenty:fir_sapling":9,"biomesoplenty:fir_log":60,"minecraft:dirt":4,"minecraft:string":1,"immersive_melodies:lute":1,"minecraft:wheat_seeds":1,"twigs:pebble":3,"twigs:twig":3,"minecraft:sugar_cane":1,"minecraft:torch":2,"minecraft:spider_eye":1,"quark:clear_shard":6,"minecraft:arrow":2,"minecraft:rotten_flesh":2,"alexsmobs:rainbow_jelly":1,"minecraft:bread":4,"immersive_melodies:flute":1,"minecraft:snowball":13,"minecraft:cobblestone":10},"minecraft:crafted":{"minecraft:wooden_sword":1,"minecraft:crafting_table":1,"minecraft:wooden_pickaxe":1,"immersive_melodies:trumpet":1,"immersive_melodies:lute":1,"minecraft:stone_axe":1,"biomesoplenty:fir_planks":208,"minecraft:stick":132,"minecraft:stone_pickaxe":1,"minecraft:wooden_axe":2,"minecraft:stone_sword":1},"minecraft:used":{"minecraft:stone_pickaxe":3,"minecraft:wooden_pickaxe":29,"biomesoplenty:fir_planks":6,"minecraft:torch":1,"minecraft:dirt":4,"minecraft:crafting_table":3,"minecraft:wooden_axe":61,"minecraft:apple":3,"minecraft:bread":7,"alexsmobs:rainbow_jelly":1,"minecraft:stone_axe":1,"minecraft:wooden_sword":58,"twigs:pebble":2},"minecraft:broken":{"minecraft:wooden_axe":1},"minecraft:dropped":{"minecraft:sugar_cane":1,"minecraft:wheat_seeds":1,"minecraft:rotten_flesh":2,"biomesoplenty:fir_sapling":9,"twigs:pebble":1,"quark:clear_shard":6,"minecraft:wooden_axe":1,"minecraft:snowball":13,"minecraft:spider_eye":1,"minecraft:wooden_pickaxe":1,"minecraft:sugar":4,"twigs:twig":3},"minecraft:custom":{"minecraft:mob_kills":9,"minecraft:interact_with_crafting_table":9,"minecraft:open_barrel":2,"minecraft:time_since_death":24637,"minecraft:sleep_in_bed":1,"minecraft:climb_one_cm":304,"minecraft:time_since_rest":8268,"minecraft:sprint_one_cm":105759,"minecraft:damage_taken":638,"minecraft:walk_one_cm":89115,"minecraft:drop":43,"minecraft:damage_dealt":1836,"minecraft:fly_one_cm":162108,"minecraft:swim_one_cm":319,"minecraft:player_kills":1,"minecraft:open_chest":10,"minecraft:crouch_one_cm":3478,"minecraft:play_time":35143,"minecraft:deaths":1,"minecraft:sneak_time":1154,"minecraft:walk_under_water_one_cm":490,"minecraft:jump":506,"minecraft:interact_with_brewingstand":2,"minecraft:walk_on_water_one_cm":714,"minecraft:total_world_time":35143,"minecraft:fall_one_cm":10267},"minecraft:killed":{"minecraft:wolf":1,"alexsmobs:seal":1,"minecraft:spider":1,"alexsmobs:snow_leopard":2,"minecraft:skeleton":2,"minecraft:zombie":2,"minecraft:player":1},"minecraft:mined":{"twigs:pebble":2,"minecraft:crafting_table":3,"minecraft:grass_block":1,"minecraft:glass":2,"minecraft:sugar_cane":1,"minecraft:wall_torch":2,"farmersdelight:wild_rice":1,"minecraft:ice":3,"biomesoplenty:fir_log":61,"minecraft:wither_rose":1,"minecraft:grass":1,"biomesoplenty:fir_leaves":1,"minecraft:dirt":3,"minecraft:stone":10,"minecraft:fern":1}},"DataVersion":3465}