{"stats":{"minecraft:picked_up":{"minecraft:crafting_table":1,"biomesoplenty:fir_log":5},"minecraft:crafted":{"biomesoplenty:fir_planks":12,"immersive_melodies:trumpet":1,"minecraft:crafting_table":1,"minecraft:stick":4,"minecraft:wooden_pickaxe":1,"minecraft:wooden_axe":1},"minecraft:used":{"minecraft:wooden_axe":6,"minecraft:crafting_table":1},"minecraft:custom":{"minecraft:time_since_rest":5143,"minecraft:open_chest":1,"minecraft:crouch_one_cm":1292,"minecraft:play_time":5143,"minecraft:sprint_one_cm":8726,"minecraft:walk_one_cm":4413,"minecraft:sneak_time":500,"minecraft:jump":14,"minecraft:time_since_death":5143,"minecraft:walk_on_water_one_cm":196,"minecraft:total_world_time":5143,"minecraft:fall_one_cm":685,"minecraft:interact_with_crafting_table":2,"minecraft:fly_one_cm":2273},"minecraft:mined":{"biomesoplenty:fir_leaves":1,"biomesoplenty:fir_log":6,"minecraft:crafting_table":1}},"DataVersion":3465}