{"stats":{"minecraft:killed_by":{"minecraft:player":2,"minecraft:spider":1,"minecraft:zombie":1},"minecraft:picked_up":{"minecraft:magma_block":2,"minecraft:crafting_table":2,"twigs:roseate_seashell":2,"minecraft:wooden_pickaxe":2,"biomesoplenty:fir_sapling":10,"biomesoplenty:fir_log":22,"minecraft:dirt":13,"twigs:pebble":1,"twigs:twig":4,"minecraft:sugar_cane":5,"minecraft:furnace":1,"minecraft:raw_iron":11,"minecraft:torch":2,"minecraft:diorite":4,"minecraft:coal":27,"minecraft:cobblestone":60},"minecraft:crafted":{"minecraft:crafting_table":2,"minecraft:wooden_pickaxe":1,"minecraft:baked_potato":20,"minecraft:iron_sword":1,"minecraft:furnace":1,"minecraft:stone_axe":1,"minecraft:cooked_mutton":2,"minecraft:air":0,"biomesoplenty:fir_planks":88,"minecraft:iron_chestplate":1,"minecraft:shield":1,"minecraft:stick":16,"minecraft:iron_ingot":14,"minecraft:iron_pickaxe":1,"minecraft:stone_pickaxe":1,"minecraft:stone_sword":1,"minecraft:gold_ingot":6,"minecraft:torch":20},"minecraft:used":{"minecraft:cooked_mutton":1,"minecraft:stone_sword":8,"minecraft:stone_pickaxe":93,"minecraft:baked_potato":2,"minecraft:wooden_pickaxe":18,"twigs:roseate_seashell":2,"minecraft:torch":2,"minecraft:dirt":3,"minecraft:crafting_table":3,"supplementaries:bomb":1,"biomesoplenty:fir_sapling":7,"minecraft:stone_axe":24,"minecraft:magma_block":2,"minecraft:furnace":1,"twigs:pebble":1,"minecraft:cobweb":1},"minecraft:dropped":{"minecraft:cobblestone":2,"biomesoplenty:fir_sapling":1,"minecraft:wooden_pickaxe":3,"twigs:twig":1},"minecraft:custom":{"minecraft:interact_with_furnace":14,"minecraft:mob_kills":2,"minecraft:interact_with_crafting_table":12,"minecraft:open_barrel":3,"minecraft:time_since_death":9936,"minecraft:climb_one_cm":374,"minecraft:time_since_rest":9976,"minecraft:sprint_one_cm":86935,"minecraft:damage_taken":1103,"minecraft:walk_one_cm":52779,"minecraft:drop":7,"minecraft:damage_dealt":520,"minecraft:swim_one_cm":19569,"minecraft:fly_one_cm":155213,"minecraft:player_kills":1,"minecraft:open_chest":8,"minecraft:crouch_one_cm":2626,"minecraft:play_time":36357,"minecraft:deaths":4,"minecraft:sneak_time":3463,"minecraft:walk_under_water_one_cm":11089,"minecraft:jump":516,"minecraft:walk_on_water_one_cm":817,"minecraft:total_world_time":36357,"minecraft:fall_one_cm":8836},"minecraft:killed":{"alexsmobs:seal":1,"minecraft:zombie":1,"minecraft:player":2},"minecraft:mined":{"twigs:pebble":1,"minecraft:crafting_table":2,"minecraft:grass_block":4,"twigs:roseate_seashell":2,"minecraft:sugar_cane":2,"minecraft:diorite":4,"minecraft:wall_torch":3,"minecraft:magma_block":2,"minecraft:furnace":1,"minecraft:iron_ore":11,"biomesoplenty:fir_log":24,"minecraft:grass":1,"minecraft:coal_ore":17,"minecraft:dirt":9,"minecraft:stone":63}},"DataVersion":3465}