{"stats":{"minecraft:killed_by":{"minecraft:player":2,"minecraft:zombie":1},"minecraft:picked_up":{"minecraft:raw_iron":6,"minecraft:magma_block":1,"minecraft:wooden_pickaxe":2,"biomesoplenty:fir_sapling":10,"biomesoplenty:fir_log":22,"minecraft:diorite":4,"minecraft:dirt":13,"twigs:twig":4,"minecraft:coal":17,"minecraft:cobblestone":60},"minecraft:crafted":{"biomesoplenty:fir_planks":88,"minecraft:crafting_table":1,"minecraft:stick":16,"minecraft:wooden_pickaxe":1,"minecraft:stone_pickaxe":1,"minecraft:stone_sword":1,"minecraft:torch":20,"minecraft:stone_axe":1},"minecraft:used":{"biomesoplenty:fir_sapling":7,"minecraft:stone_pickaxe":86,"minecraft:wooden_pickaxe":18,"minecraft:stone_axe":22,"minecraft:dirt":3,"minecraft:magma_block":1,"minecraft:crafting_table":1,"supplementaries:bomb":1},"minecraft:dropped":{"minecraft:wooden_pickaxe":3,"twigs:twig":1,"biomesoplenty:fir_sapling":1},"minecraft:custom":{"minecraft:time_since_rest":3634,"minecraft:sprint_one_cm":34337,"minecraft:damage_taken":847,"minecraft:walk_one_cm":36207,"minecraft:drop":5,"minecraft:damage_dealt":215,"minecraft:swim_one_cm":6881,"minecraft:interact_with_crafting_table":4,"minecraft:player_kills":1,"minecraft:fly_one_cm":41239,"minecraft:open_barrel":2,"minecraft:open_chest":7,"minecraft:crouch_one_cm":2094,"minecraft:play_time":24357,"minecraft:deaths":3,"minecraft:sneak_time":2329,"minecraft:walk_under_water_one_cm":5987,"minecraft:jump":207,"minecraft:walk_on_water_one_cm":331,"minecraft:time_since_death":3564,"minecraft:total_world_time":24357,"minecraft:fall_one_cm":3399},"minecraft:killed":{"minecraft:player":2},"minecraft:mined":{"minecraft:magma_block":1,"minecraft:iron_ore":6,"biomesoplenty:fir_log":24,"minecraft:grass":1,"minecraft:grass_block":4,"minecraft:coal_ore":17,"minecraft:dirt":9,"minecraft:stone":63,"minecraft:diorite":4,"minecraft:wall_torch":1}},"DataVersion":3465}