{
  "minecraft:recipes/decorations/crafting_table": {
    "criteria": {
      "unlock_right_away": "2024-10-17 17:58:56 +0000"
    },
    "done": true
  },
  "betternether:root": {
    "criteria": {
      "welcome": "2024-10-17 17:58:57 +0000"
    },
    "done": true
  },
  "betterend:root": {
    "criteria": {
      "welcome": "2024-10-17 17:58:57 +0000"
    },
    "done": true
  },
  "betterdungeons:root": {
    "criteria": {
      "always": "2024-10-17 17:58:56 +0000"
    },
    "done": true
  },
  "mowziesmobs:root": {
    "criteria": {
      "custom_test_name": "2024-10-17 17:58:56 +0000"
    },
    "done": true
  },
  "yungscavebiomes:root": {
    "criteria": {
      "always": "2024-10-17 17:58:56 +0000"
    },
    "done": true
  },
  "minecraft:adventure/adventuring_time": {
    "criteria": {
      "minecraft:frozen_river": "2024-10-17 17:59:51 +0000",
      "minecraft:snowy_plains": "2024-10-17 17:58:57 +0000"
    },
    "done": false
  },
  "takesapillage:root": {
    "criteria": {
      "always": "2024-10-17 17:58:56 +0000"
    },
    "done": true
  },
  "adorabuild_structures:overworld_structures": {
    "criteria": {
      "always": "2024-10-17 17:58:56 +0000"
    },
    "done": true
  },
  "repurposed_structures:root": {
    "criteria": {
      "always": "2024-10-17 17:58:56 +0000"
    },
    "done": true
  },
  "dungeons_arise:wda_root": {
    "criteria": {
      "WDA": "2024-10-17 17:58:56 +0000"
    },
    "done": true
  },
  "minecraft:adventure/root": {
    "criteria": {
      "killed_by_something": "2024-10-17 17:59:24 +0000"
    },
    "done": true
  },
  "adorabuild_structures:tireless_legs": {
    "criteria": {
      "frozen_house_medium_1": "2024-10-17 17:59:51 +0000"
    },
    "done": false
  },
  "cataclysm:root": {
    "criteria": {
      "custom_test_name": "2024-10-17 17:58:56 +0000"
    },
    "done": true
  },
  "DataVersion": 3465
}