{
	"level_seeds": [
		{
			"dim": "minecraft:overworld",
			"seed": -5442855476071326410
		},
		{
			"dim": "blue_skies:everdawn",
			"seed": -5442855476071326410
		},
		{
			"dim": "minecraft:the_end",
			"seed": -5442855476071326410
		},
		{
			"dim": "aether:the_aether",
			"seed": -5442855476071326410
		},
		{
			"dim": "minecraft:the_nether",
			"seed": -5442855476071326410
		},
		{
			"dim": "deeperdarker:otherside",
			"seed": -5442855476071326410
		},
		{
			"dim": "blue_skies:everbright",
			"seed": -5442855476071326410
		},
		{
			"dim": "twilightforest:twilight_forest",
			"seed": -5442855476071326410
		}
	],
	"structure_seeds": [
		{
			"dim": "minecraft:overworld",
			"seed": -5442855476071326410
		},
		{
			"dim": "blue_skies:everdawn",
			"seed": -5442855476071326410
		},
		{
			"dim": "minecraft:the_end",
			"seed": -5442855476071326410
		},
		{
			"dim": "aether:the_aether",
			"seed": -5442855476071326410
		},
		{
			"dim": "minecraft:the_nether",
			"seed": -5442855476071326410
		},
		{
			"dim": "deeperdarker:otherside",
			"seed": -5442855476071326410
		},
		{
			"dim": "blue_skies:everbright",
			"seed": -5442855476071326410
		},
		{
			"dim": "twilightforest:twilight_forest",
			"seed": -5442855476071326410
		}
	]
}